Id,Score
1224650,5
1019381,4
504719,4
1622425,5
482286,5
1074829,4
1599357,4
1087427,5
203315,1
235783,4
418427,5
606664,3
696810,4
223492,4
980977,3
722783,5
338418,3
1446246,5
1346589,2
236375,4
986998,5
112636,5
709913,5
1584482,5
193582,5
1135952,3
389670,1
730761,5
477585,5
749958,5
931033,5
1139449,5
601607,4
694863,5
1301228,2
331166,2
1338905,3
840140,4
1682050,3
1445676,5
1415929,2
693164,4
1069701,5
160226,3
1369602,4
1521625,5
98468,5
437956,3
1001491,3
1001918,4
1442224,5
322903,5
529559,5
738622,5
1425126,5
1511284,1
1668562,3
1274969,3
630200,1
1309573,5
1230948,5
1547998,5
1097328,5
1175137,1
116385,1
952092,5
170056,5
28814,1
1593702,4
1596258,4
1443968,3
563324,1
647903,5
6944,3
531596,5
927186,5
468630,5
1129922,5
1477741,5
871815,5
300910,5
444195,2
397205,5
1477378,5
376312,4
1512714,3
1443157,3
1636194,4
23721,5
714335,4
1064055,4
672585,4
1632463,5
1356967,5
859910,4
1183027,5
1594591,2
102215,5
1386623,2
134189,5
1614098,5
1178859,3
863855,5
1286215,3
1117510,4
1584834,5
1651612,5
1557634,3
788577,5
694394,2
754643,5
1666598,5
722087,5
479697,5
734811,1
486800,1
384436,5
1486440,5
745493,1
788495,5
1127921,5
1512483,5
188986,3
1055361,3
1237611,5
72699,5
1204544,4
326864,5
92559,5
265983,1
936730,3
1341646,4
351945,3
1269031,5
407478,3
672861,3
802742,5
243204,1
1561704,2
561539,3
238019,5
548844,4
358347,3
842015,5
149826,5
763788,3
1028808,4
2385,5
1483446,5
1004839,5
1568918,5
765235,4
672321,5
1064452,5
1671286,5
1096093,1
720102,1
494732,5
1429619,5
936225,5
412520,5
1003436,5
1266962,3
806230,3
807814,5
382694,4
1060581,4
37906,4
1080972,5
1357933,5
342091,3
1691293,1
149929,5
712267,5
1029370,5
568862,2
1273886,5
1503858,4
688820,5
1322221,5
291951,4
1586532,5
4194,5
1003607,5
1534933,1
1108132,5
1374096,4
1347455,5
727483,4
274961,3
386188,5
1313332,1
971628,5
1580295,3
1291393,5
846471,5
775047,5
960763,3
184139,4
1297439,1
1537294,5
303014,4
875295,5
1316945,5
1231626,4
859802,4
1009532,5
982780,5
935991,3
931863,4
636068,1
849396,5
1414667,2
1247639,5
242643,4
33126,4
1004472,5
613575,3
187322,5
279506,5
1300087,5
39568,4
811939,5
735920,5
824693,5
201220,5
1177655,5
301709,3
59959,5
335751,4
1386072,3
999247,4
1410840,4
204626,5
560024,4
88286,3
1029122,4
511929,5
597980,5
538591,5
1436316,3
1694868,4
1454736,5
1020124,5
952052,5
893195,3
568727,5
100852,4
433297,3
1440132,3
327352,4
904137,5
420575,5
913974,5
890661,4
817209,3
572919,5
207288,3
1444717,5
1520189,4
270805,5
1178154,5
54750,5
1191652,4
567591,1
1031225,3
857238,3
766999,5
159205,2
178278,3
985744,1
1007619,2
1291343,4
1440754,5
1432284,3
713219,5
905725,3
1674828,5
346850,5
1412387,5
1142603,4
1348895,5
1218521,5
633145,5
1536616,1
1296691,5
973622,4
738298,3
802771,5
561108,5
983741,3
124069,5
255844,5
86039,1
556213,4
1293660,2
1550955,1
248443,4
576267,4
1037624,5
101060,5
922288,5
1127160,5
919672,5
616650,2
147164,4
372811,5
949330,5
1183900,2
284952,4
1573443,4
1176155,5
717961,4
1286117,5
1071297,5
1465106,3
1428206,4
1672849,5
324458,5
800469,1
1306980,4
981023,1
1223728,4
1286467,5
455421,5
443075,5
844412,3
771139,1
730003,4
1544121,3
181464,3
437205,4
1396676,3
346398,5
90851,1
734199,3
419821,4
1543669,4
1288040,5
1510564,3
448002,5
1518354,4
1175377,5
982784,4
59445,4
188757,4
1141553,5
1471041,3
1685060,5
948449,1
712672,4
1320161,5
761193,4
363364,2
810555,5
354705,5
124193,5
1009698,2
943864,3
1262042,4
1471215,1
841495,5
320130,5
429555,4
1148221,5
234961,4
797528,3
717869,4
1517830,5
298324,5
1339768,5
209806,5
471681,4
1050473,5
1220875,2
1012506,3
682577,5
720821,3
349412,2
1005919,4
1645510,3
205879,4
654404,4
1226316,4
872588,5
100023,5
1559745,4
408200,5
254046,1
1503641,2
1474849,5
1604215,1
732878,5
381925,4
212464,3
532505,4
1185385,5
886068,5
792059,5
1101142,4
1368042,5
559385,5
62995,5
1147697,5
1077573,5
1093804,5
822523,5
242632,3
805665,3
497715,5
627393,5
711428,5
1559901,3
531703,3
285216,5
744688,5
161149,5
565556,4
637294,5
1027571,4
1311529,4
921326,5
738411,5
372690,4
513172,5
1461385,5
1354341,5
1328359,3
3920,5
964658,5
1164723,5
540960,5
1015450,3
105483,5
399824,4
1023627,1
96563,5
536551,5
1321508,5
354908,1
1138375,4
266891,5
941902,5
264350,5
157451,5
317752,4
669313,5
1067519,5
152290,5
5971,5
734468,5
592268,5
1087418,5
813159,4
982416,5
226116,5
1490051,3
715775,2
760069,5
1611033,5
296465,4
1001113,1
1226447,5
763116,5
1281874,3
710449,4
655670,4
1279441,5
138971,5
1204844,5
216367,3
1322495,5
1562683,5
1215585,4
1180715,3
1133340,5
379997,4
1539285,3
893054,5
1614606,3
120209,5
423698,5
247296,5
1484863,4
945367,5
258433,5
461381,5
350528,4
1210620,1
497884,5
221815,5
1518430,4
183506,5
1296030,5
607946,1
1046413,4
853096,3
1043738,4
1522563,5
546029,2
710264,1
1265676,2
1452935,5
556793,5
147314,5
660387,4
355287,5
415864,4
211593,4
1284704,5
1548098,2
1254602,5
532462,5
940585,4
18146,5
533116,5
1689119,5
607919,4
1340969,5
517289,5
493042,4
122609,2
21836,4
1678823,3
770806,3
205382,4
229956,5
688523,5
191327,3
1451242,2
1169335,5
346155,5
1220563,4
1167378,5
223019,1
221213,4
1296203,5
284785,5
1275081,1
240410,4
110347,4
1164165,4
1261797,5
1149351,2
643253,4
123661,5
898557,5
1123032,5
434563,4
142551,5
104231,4
510232,5
300718,5
1268699,5
445284,3
234062,5
1441578,5
312967,1
1267520,3
1463693,3
1677847,5
143782,5
939099,4
776793,4
1412996,5
263261,4
85384,2
132492,3
265701,5
1525772,5
1271296,5
531323,4
1486801,5
779508,2
156100,1
945559,5
208125,5
675342,3
922823,5
1522070,5
423760,5
1311695,4
558185,4
111732,4
901314,2
1339566,3
1241977,5
71391,5
170312,3
1000354,3
961032,5
635643,4
1548753,5
208482,2
634507,5
583242,4
1676668,1
1626819,3
473258,4
1191080,4
1693117,1
1469208,3
989207,4
1193492,1
1646309,4
158626,5
1493965,5
1313738,3
100873,5
904247,4
146516,2
98025,1
1304679,5
1317081,5
1565984,3
1121370,5
307830,5
957034,5
1501151,4
844933,5
1304405,5
119572,2
1665186,5
1294739,5
881047,5
779732,5
1512399,5
1039265,5
391435,5
355931,5
1475617,3
694297,5
960210,5
32589,5
1613645,5
972608,5
747293,4
304301,5
560335,5
207022,5
1561526,5
624346,1
1043786,1
328968,1
313687,5
801384,4
126434,5
413020,5
930959,5
863835,5
1368923,5
332637,5
1289508,3
1441662,5
752981,4
899707,3
941467,4
401367,5
80286,1
1013556,5
403365,5
146788,5
724344,5
586789,2
500617,5
58748,5
688475,2
90520,5
1346263,2
1034651,5
801737,3
177654,5
623938,5
818931,5
1142967,1
1594269,5
1229185,5
1539076,5
1548545,5
1506326,5
1118431,5
294583,4
1448662,5
791930,2
1305170,4
1330679,4
774282,5
802225,2
1519011,4
1101518,5
1445293,5
998624,5
1081417,3
635819,5
862639,4
314723,4
1643318,5
481546,5
992379,5
897591,4
421023,2
427931,5
1409812,5
1455039,5
323098,1
924454,5
1201143,3
1136461,5
543423,1
255531,5
1215882,1
583601,4
690436,4
681141,5
88161,5
862100,5
1374276,4
1333213,5
318780,5
1493080,5
491903,5
518377,5
1467372,4
1348760,4
96038,3
1399377,4
313029,4
1345032,4
400837,5
580678,5
853841,5
433288,3
472033,2
1391296,3
517823,1
435487,5
299563,5
1452523,4
843516,5
1477368,3
1341928,4
1177192,5
1125966,5
1179249,5
197109,5
1680463,5
920668,5
986056,5
838383,5
418798,3
254036,5
695876,5
374167,5
1441492,5
772460,3
1099265,5
421246,5
1479076,5
755482,2
1045577,1
147883,5
1563468,5
1589325,4
976026,5
760768,4
898203,1
575286,2
990418,4
413022,3
307319,3
194465,5
375269,1
514941,1
1667083,4
1078320,5
97578,4
589221,2
6773,2
430313,5
1121684,3
1598166,5
864366,4
1302708,5
897057,3
137831,5
275990,4
1343675,5
1617300,4
1262997,5
983581,5
663849,5
430269,5
404107,4
1312388,4
853862,5
1525083,3
1501948,4
430677,2
550068,5
681051,5
1393398,4
2600,4
932059,5
1312410,5
1058065,5
1278873,5
984704,3
1108742,5
1138600,1
1292996,3
534045,3
1530195,5
406656,5
863897,5
1540263,5
710591,5
672192,4
856929,5
681759,5
51244,4
618189,5
501780,1
1497051,1
1627258,4
1288858,4
1090397,4
1076200,5
159815,5
366485,4
93998,1
1191972,4
895794,5
176070,5
1411677,3
568313,4
70185,5
1417157,5
1632596,5
979147,5
1018401,4
161566,5
757756,5
78107,5
603495,4
698360,5
64546,4
1141104,5
839168,1
1157843,4
151136,5
1545091,5
856022,5
95707,5
25852,4
899031,5
694037,4
59593,5
864620,5
336914,5
510673,3
1190490,2
281161,5
1408650,5
1119395,1
528200,2
1492112,5
1629647,4
1274082,3
512560,4
299129,5
792934,2
1257476,1
620623,4
184785,2
1305528,4
1354553,5
1470852,5
923019,5
1670990,5
1534272,5
1015217,2
722040,5
923082,3
892944,5
698503,5
389672,5
1676830,4
520175,4
451849,2
1467075,4
743685,5
1031255,4
1223971,2
1431338,5
999900,5
1487316,5
1222546,5
632803,5
1238641,5
657233,4
1082696,1
949835,4
140195,4
515326,2
1198698,5
395837,4
1427303,5
547464,5
779973,4
1124609,3
734712,5
1657184,5
1364289,5
1592582,5
454915,1
44852,5
807714,4
1133426,4
1695438,2
1695553,4
870892,4
724330,4
848722,3
1107373,5
1071949,4
172858,3
291097,5
98604,5
1656181,1
559264,4
1505839,3
1608712,5
1299124,5
1285069,1
841706,3
577654,5
1007418,4
234811,4
176194,4
163102,5
787389,5
1547959,5
720542,5
1404331,4
978497,3
201624,4
1037328,3
930434,5
1175345,4
689810,4
697317,5
454149,1
1073346,5
661249,5
360347,4
736671,4
1430014,5
941646,4
1246581,3
625325,4
939711,3
100101,5
1479795,4
730386,3
1196134,3
933658,5
870152,3
1263531,4
71129,1
56754,5
1180339,5
1347485,5
1438032,5
343019,4
106324,5
1507223,5
250068,3
1484745,5
801846,5
848899,5
225319,4
989909,5
460384,5
354687,4
1192515,3
863322,5
1226560,5
206507,5
163735,5
1010470,4
401893,2
490033,5
528884,5
184471,5
1456638,2
1644044,1
1275794,5
488973,5
1370883,5
57191,5
283100,5
253972,5
1388355,4
68153,5
1057743,5
1483382,3
1649638,5
932083,5
122273,5
1689442,4
1272052,3
1299228,5
18474,4
612664,5
1696539,5
1162028,4
666627,5
1073655,4
524484,5
1483095,5
561905,4
1520948,5
1232825,5
1070300,3
1603046,5
1648421,3
758129,2
972973,5
1215675,3
287091,2
409335,5
173766,4
725865,4
1258044,5
1509251,5
510170,4
418235,5
786935,5
751054,5
984280,5
605813,2
165958,4
1019478,2
406871,5
887379,5
559747,3
1338213,4
764889,5
127563,5
387254,5
1697410,4
1398376,4
262113,2
903565,5
854011,4
908579,5
1327441,4
1026090,4
477079,5
927089,5
225933,5
24751,5
1549105,3
1233597,2
707974,2
1521823,5
548553,4
511470,4
208286,2
605801,1
1122362,2
735342,4
1278525,4
1583089,5
1257722,5
1483049,4
825692,5
192696,1
621611,4
904663,5
70114,3
1142413,4
1564821,2
1438934,5
1102333,5
124783,5
675653,5
535483,5
1297524,5
1537762,2
1325352,5
1638030,3
1399187,5
712146,5
214603,4
213141,3
43971,4
493287,4
334187,2
1611141,4
226290,5
1279455,2
1677336,3
1629031,5
402645,5
336,5
1434312,5
23961,4
53036,4
774899,3
1259878,5
987525,4
1134202,4
323503,5
386730,5
1537633,5
985818,5
1045146,5
1636851,5
806175,1
167711,5
131111,1
924453,5
1605600,4
717698,1
1174617,5
1011530,1
1027036,4
1409394,5
721517,4
188303,3
1226510,4
498163,4
1679505,1
1442532,5
1074410,5
1053902,1
1574121,5
331168,3
1668290,5
1311545,5
1018362,5
1389261,5
333630,5
496656,4
1449695,5
1005293,3
889027,4
121429,5
1399553,5
261912,5
259603,5
675409,3
962081,4
896891,4
1066186,5
1608414,4
748154,4
525434,4
1399288,2
47503,1
876265,4
724472,4
387652,4
507004,5
204039,5
659276,5
1504791,5
784762,3
734902,5
1398590,5
795275,3
771823,5
120924,5
1609812,4
721570,3
1601259,1
163110,5
433200,5
253201,5
20767,5
520009,2
388564,5
1448413,2
1405653,5
82553,5
552932,5
1586851,4
715690,1
860227,4
132555,5
31027,4
874595,1
1619194,5
509367,3
1497573,5
928863,2
1259800,4
948043,4
199263,5
1352239,5
1146530,1
64261,4
890565,1
209927,5
1060187,5
973389,5
687096,5
532918,4
1348665,2
1458071,5
1434140,5
624630,4
680055,5
1161771,5
615340,5
1409954,5
311098,5
106800,3
540861,5
710041,3
366879,5
336448,5
1339369,4
369376,1
1567603,5
519845,5
515742,5
965992,4
1655072,1
6614,4
912245,4
796904,4
1603072,5
1435107,3
1567934,5
275941,4
370839,5
766541,5
455418,1
1062118,2
1613455,5
950638,4
126931,3
1537075,5
1120285,3
1008020,5
1203356,5
1356531,5
187876,3
233170,2
1233951,4
1058345,5
611610,2
1301292,4
396206,5
103001,3
1205427,5
263109,3
1113819,4
1132320,4
707969,2
565689,4
464323,5
1661950,5
630653,1
1060528,3
928522,2
851360,5
1031390,4
336796,5
151325,5
1533500,4
950289,4
214968,5
23146,5
413272,5
1220929,5
815114,5
1389440,3
742615,4
465474,1
1166614,5
181544,4
1347828,4
388028,3
1299737,3
1475799,4
298932,4
1374541,4
1213290,5
133201,5
1666641,3
311603,5
1180413,5
632725,2
1520956,4
1289057,5
1421084,5
1531729,5
1338176,4
861143,4
1642521,5
78117,5
301226,2
913193,5
1201217,1
1233212,3
383031,5
663610,2
265200,1
1592274,2
617980,2
54497,5
1189824,2
180232,5
602396,1
48395,5
1292676,5
668581,5
1021477,2
541468,4
1211174,4
1196305,4
424109,5
494329,4
1201435,4
215095,5
1117794,4
1647919,4
424899,5
927450,4
1040770,5
893242,5
398241,5
894388,5
1515266,5
480137,5
1564698,1
1041656,4
1355065,5
862446,2
1148972,5
558374,5
1636988,2
517298,5
388248,5
1409243,5
734222,5
39458,5
225870,1
438445,4
1058175,5
1329210,5
1607824,5
932250,5
1633948,4
811854,5
239573,5
479477,4
881193,5
1227934,1
1497147,4
594487,5
208509,4
20507,5
1493209,5
1369235,5
427289,4
1668126,3
748179,4
331372,2
532429,3
254936,1
649285,2
441631,4
820276,5
218365,5
1051187,5
855224,5
1460838,5
1133367,5
959987,5
673199,5
1337035,4
1054272,4
367584,2
1404920,3
1011175,5
285567,5
881037,3
901627,3
1695136,4
1371990,1
1325974,5
271474,4
197380,4
21411,5
39176,5
784184,3
678198,5
94508,5
1114114,3
648553,5
836893,2
238810,4
1298467,1
1279735,5
784755,4
488999,5
293883,3
1023256,1
372803,5
662164,5
901916,4
856946,3
1135259,5
1170464,5
173297,5
272935,4
607648,4
202533,5
1511468,4
1673073,1
1445707,5
960698,3
640065,2
382711,3
1059781,4
1597668,3
1079429,2
713510,5
844466,5
179883,5
1492000,5
691726,4
845808,1
1653141,5
243712,5
1027542,4
989817,5
686527,4
135056,2
464955,3
433518,4
1265224,5
1628549,5
168388,4
939997,5
1087708,4
866747,1
510789,3
1307213,4
1486513,4
499937,5
1566296,5
1010009,4
1195436,1
1443461,5
1555757,4
1164472,5
827557,4
139862,5
323217,5
755789,5
1586730,5
523428,5
1593239,5
1463357,3
308617,5
254317,5
143252,5
73097,3
370530,1
208929,4
1142890,1
1539067,5
1126154,5
118830,4
121880,5
14029,3
872452,5
334336,5
582498,2
1163331,5
722855,4
601967,5
1156488,4
283569,5
1682592,4
360416,4
516344,3
1537970,5
784177,5
1099505,4
1128196,1
384150,2
57209,4
1408329,5
648281,3
892924,5
802517,5
63688,3
574668,5
1491193,1
899040,5
1692949,5
30816,1
931468,4
1563612,5
551562,4
707995,2
172658,5
1192900,3
1562300,1
507263,4
1404358,5
188304,2
1029092,5
498176,2
1637089,5
1632819,2
1635435,3
923400,5
1070350,5
428878,5
1260322,5
539197,5
108337,5
1048619,5
1281299,5
673739,5
836970,5
1568820,3
541813,5
396946,5
142217,5
740362,4
1500373,5
576034,5
316908,4
301006,5
484070,5
404911,1
148441,5
643257,5
687183,1
1448187,3
663753,4
674073,1
484289,5
1032425,4
715072,1
583340,5
1211030,4
1528688,4
1570430,5
1249025,3
1677942,5
87380,5
583673,3
448936,4
1176370,5
926248,5
179393,5
1423748,5
459371,5
1131396,4
902827,5
1317397,5
411093,5
1568299,3
137988,5
1028733,1
453053,2
255260,3
397974,4
594039,5
1266206,4
1536038,5
7631,4
342211,4
76176,4
809051,4
555538,2
801532,5
1628536,4
1427940,5
13905,5
500656,5
1256785,2
821812,3
1291313,4
309102,4
1111939,4
1361403,5
1397656,3
1188967,5
546451,5
757567,4
631285,5
1632035,4
387775,5
1371553,5
1620397,5
30649,5
175664,5
700714,4
79155,5
77047,4
1694760,3
67376,5
726914,5
978901,5
882160,3
876982,4
1590647,3
666243,4
832021,5
1477358,4
1505211,5
562397,5
125803,4
1625944,5
1115650,5
600830,5
677551,1
396931,4
595887,2
832772,5
1117446,5
1179366,1
936424,3
121962,5
1618716,5
1532216,5
282099,4
705879,5
100672,4
1247895,3
113561,5
145845,5
888230,5
1135344,5
1617641,5
49472,4
772019,4
737476,4
709603,5
809439,5
1242652,2
560477,5
1483263,4
975094,1
857221,3
1179738,1
214453,5
832725,5
270422,4
986218,3
1428265,5
1195782,4
132953,5
1141933,3
1432653,3
975501,5
790226,2
671673,3
208297,5
395102,5
78160,5
953793,1
587952,3
1413106,5
791241,4
30532,5
664399,1
1662790,4
812199,5
1232062,5
1327486,5
1290729,3
1420821,4
545869,2
1462350,5
206019,4
249696,5
1316975,3
1391964,5
975727,5
1314863,4
1111364,5
1393496,3
1238940,4
1298843,5
987860,4
844217,5
544780,4
1543780,3
1631251,4
400905,4
248398,2
585371,3
1454412,2
1061926,5
715035,5
663649,3
441419,5
557841,4
169528,1
176106,5
401631,5
852670,4
1543302,2
608524,4
690754,5
444856,5
39064,1
699908,5
875683,5
1192943,5
1514949,5
1621534,5
699454,3
21671,5
212135,3
614606,5
415145,4
403511,3
261178,4
529941,3
1689686,3
1693018,5
1149646,1
657460,2
283315,5
425152,4
370871,3
682906,3
1267490,4
789509,5
1464333,1
57510,1
298572,5
1441036,4
959811,4
1149302,5
168985,5
756508,5
48579,5
1128787,5
529709,3
1079231,3
971391,5
1640823,5
1366530,4
155264,5
1535952,5
1499883,5
550515,4
1607996,5
971874,4
1012716,4
649822,3
439090,5
1021005,5
1513895,4
1663787,3
1660796,5
294215,5
1470040,3
318600,5
382596,5
157864,3
1001537,2
1050533,3
186269,5
785684,4
518957,4
798651,3
1032530,4
105646,5
1292506,4
328350,5
572080,4
774221,4
562561,5
645431,5
35653,4
794914,4
36692,5
342395,2
453502,4
349937,5
718714,5
967641,4
653281,1
165173,4
766240,5
1583044,5
789550,5
49668,5
1338648,1
1332794,4
184422,5
801778,5
674235,1
865577,5
1016676,5
1478143,2
858092,5
798854,5
728153,5
90641,5
1209728,5
99980,5
165886,5
1489214,5
1432978,5
651750,5
210928,4
68361,4
988263,1
1076515,4
995134,1
583223,4
887124,5
790088,3
599796,5
79127,4
822642,5
897903,4
535785,3
1226931,5
66657,5
672931,5
1046481,5
81833,2
1555626,4
1530082,4
964250,5
958425,5
1027670,5
554443,2
1457805,5
1327099,5
1588989,4
1585590,5
1692211,4
1595727,3
545414,4
969070,4
328454,4
1358367,1
1605055,3
1569911,1
807516,5
832958,4
1049810,5
816176,1
1413069,3
1472112,4
255861,2
261811,4
1417317,5
1318461,5
1241728,4
1291324,3
1509865,3
1414982,4
1188467,5
811814,3
200288,1
725040,5
530462,3
1062704,2
1420596,4
937972,3
135740,4
1238086,4
453392,5
1326922,4
1635464,4
1390762,5
1016016,5
395233,4
120126,3
1456990,5
624522,5
1432089,5
821429,5
213202,5
1684844,5
986770,4
403831,4
885674,4
25023,2
1195268,4
114981,5
771182,1
1248923,5
581420,5
690063,5
1264694,4
1595733,5
1573033,5
921175,2
1004403,4
919328,5
995520,5
809844,4
432007,5
298682,1
1528165,5
737117,5
1665167,5
1185110,5
988720,2
1223567,3
361793,5
733354,5
626069,1
855585,2
68593,1
947281,4
1012281,1
901168,4
567915,5
370671,5
367201,4
94840,5
871112,4
1232218,3
1089953,3
855258,4
319324,5
1247619,1
1423215,5
1517053,4
851359,5
452260,5
335713,5
324451,3
1570236,5
1379482,3
848080,2
318392,5
612466,4
1080974,1
1351913,5
956791,5
700677,2
1560843,5
770472,5
1431917,5
1636708,3
143738,5
979095,5
269751,5
1675611,4
1363293,4
1124262,5
1044442,5
402691,5
516212,3
89981,5
469882,5
245486,5
97589,5
959535,5
669442,3
958306,4
1178982,5
1469482,4
1470034,3
1438791,2
321998,5
1349722,4
1635673,5
396961,3
1588716,5
1483960,5
479421,5
922234,5
652963,5
1022016,4
633390,5
613010,3
809961,4
1289357,5
1649804,5
277419,5
101709,5
1261640,3
232703,5
460903,4
1582843,5
1190237,3
187700,2
1683358,4
39324,4
672825,4
1456526,4
618540,5
1405274,5
800300,5
751143,4
537487,3
1429977,3
414160,5
1670545,3
1283371,3
74142,5
654472,5
785824,5
27304,5
1396880,5
1595108,5
890411,4
306526,5
692846,5
11586,1
842909,5
1311584,4
1453047,4
256764,5
1370485,5
197780,5
1632769,5
1459908,1
222585,5
367700,5
345488,5
550123,1
1127914,5
629079,3
255439,5
1423892,4
1231348,3
1283736,5
712436,4
259008,5
1127661,3
813105,5
449627,5
1577255,5
1217294,5
408701,4
1145375,1
1540917,5
1323029,5
810506,4
1449368,5
1476353,2
6088,5
287013,1
56870,5
1032401,4
586661,5
1608011,4
111048,3
954873,5
671785,3
1675378,5
1606318,4
1171628,3
883706,2
721086,5
1221656,5
179163,5
1487346,1
1463581,4
1045866,5
1061670,3
1337331,5
746734,5
1000166,4
747204,2
1692291,5
749597,5
1253763,5
1189585,4
1174803,5
834225,5
690348,4
226872,4
607708,1
1662530,5
1261763,3
1575235,5
872586,2
881008,5
848342,5
317749,5
1006295,4
1051600,4
1448621,3
516952,5
2573,5
576760,5
1296815,5
1522673,4
1562906,3
553222,3
457869,5
286049,4
1458587,5
225023,5
96958,5
182797,4
398905,3
540200,5
58064,3
1542225,4
806979,5
908607,5
1267451,5
611489,3
664537,5
568796,4
1163119,5
304264,5
1179544,5
1615766,5
1594963,5
1024453,5
1538019,4
1460631,4
1104321,4
272147,5
1063398,5
366958,5
47145,5
1621620,5
193943,5
930597,5
1319993,3
582808,5
1229631,3
1355172,3
1024951,4
544546,5
945039,3
814733,5
1568343,3
557868,5
153459,5
1561185,5
1413477,4
1400934,5
1306057,2
1031880,4
1370075,5
342204,2
1580863,3
291373,4
809334,5
1409813,5
884290,1
77761,2
408684,5
897963,3
198006,5
672732,5
768288,4
66065,5
274504,4
521775,5
1685602,5
236989,4
1445077,5
806715,5
368675,5
97250,5
1335188,1
1609514,4
979110,5
62230,4
1260348,5
1205042,4
1119410,5
1463780,4
882670,3
969771,1
356886,4
942509,5
1043940,4
423059,5
1183452,5
1075911,4
494630,5
287010,3
1450735,3
541732,5
43209,5
272513,4
1005408,1
638381,4
1025942,4
1271189,5
873789,4
1244502,5
1629106,1
1153311,5
14983,4
1259451,1
424239,4
445136,5
1336967,5
1616732,4
915357,2
1381786,4
421029,5
757578,1
653121,5
776212,5
1142953,4
1691543,3
342390,4
1097607,3
391442,5
402924,5
1017621,3
292302,5
812274,5
186169,5
341759,1
729138,5
1312952,4
1511089,5
1288965,5
1085245,4
382517,4
212533,5
193963,5
1266451,5
1667731,5
977319,5
691744,5
1023827,3
886656,4
963012,2
683355,4
1488460,4
1265507,5
763947,2
70655,4
707173,2
1381966,4
1565895,1
866468,5
1476706,5
1220704,5
1640247,5
1083463,4
1442339,5
1022195,1
1288604,1
1655112,1
1639812,5
543586,2
1003943,5
1574151,4
348548,5
106242,3
1614318,5
12532,1
866646,4
1166637,3
1093281,5
1022337,5
1156771,4
633593,4
871736,2
1384034,5
236252,5
1234644,4
491656,4
562178,5
153212,5
1386530,5
1404976,4
564522,1
323122,5
1392182,5
1683097,5
1422538,4
205774,5
1329093,4
472111,4
1085533,5
1184971,5
1442293,5
881622,5
694309,3
353624,1
7426,5
1598728,3
200159,5
1178087,1
566132,3
96079,5
754324,5
1129358,5
960494,2
56418,5
18426,4
603155,5
902994,5
592074,5
638456,5
492175,3
178151,4
391208,5
1515854,2
249004,5
1204239,3
345704,5
1077542,5
786400,5
995062,5
1052342,4
1407133,5
760346,3
458841,1
64700,5
112594,5
212737,5
392866,2
1693918,4
603872,5
198639,4
742271,5
662371,4
1239119,5
598055,5
781258,5
1112035,1
893458,4
979905,5
1059649,5
368017,5
127825,1
1388605,5
1640889,5
1097013,5
147274,5
796226,4
1381023,1
425657,3
726942,4
826193,2
765523,5
794737,5
1681708,3
239993,5
724082,5
469014,4
154447,4
1176477,5
1645855,4
990828,5
1565553,4
590990,5
462804,5
874048,5
1237396,5
766439,4
522894,4
676425,3
1192609,4
175897,5
1479801,2
934315,1
1494065,5
1621333,3
1029508,5
1635469,3
1387887,5
777875,1
783021,5
283225,5
505686,5
1450942,5
934553,5
1345783,4
892628,5
1618453,4
838934,4
444199,2
128125,1
688907,4
60392,5
1610839,5
1615918,2
962739,2
1130332,4
686493,2
841720,5
616086,5
42222,2
73023,5
310962,5
386249,5
1330158,5
852268,4
77888,5
1146431,2
251102,5
1664717,5
1177421,5
258856,3
763734,2
678778,5
1427146,4
1637522,5
27458,2
276141,5
426283,5
1075884,3
34623,4
1168618,5
87257,5
1355924,1
1016025,5
1545912,4
1495300,2
824602,5
714975,4
1070329,5
1569182,5
840289,4
1661075,5
376883,3
692299,4
1577162,5
254324,5
69136,1
146044,5
543847,4
184942,4
1476608,1
1582955,5
1151643,3
983377,1
544822,5
1073344,4
60734,4
1343347,5
288528,5
1164119,5
1297007,5
363437,5
899299,3
1103451,4
322429,2
295553,4
1342689,2
1328785,5
1536779,1
984977,3
151757,1
462652,4
1072398,5
981098,5
564676,5
427678,5
816027,5
1451542,4
1181109,5
567754,5
710319,5
36235,4
835643,5
1123429,4
1607694,5
20109,3
1255911,4
1145456,4
529329,3
878409,4
91093,5
789690,5
330663,5
355812,5
491886,2
266804,4
1062640,3
1026101,5
1445911,5
583478,5
1146560,4
176990,4
633809,4
1367199,3
1047667,2
285126,1
1329683,4
309344,5
1032780,3
474404,5
1653274,5
241157,5
870207,2
110701,5
1533175,2
1261405,5
2784,4
1535091,5
727289,3
11784,5
200048,5
896423,4
536316,2
774771,4
2488,4
252742,3
274073,5
1540361,5
1624179,1
734587,4
1004215,5
596024,5
876872,4
629647,1
893217,5
1571879,3
857731,4
828931,4
1165121,5
1143167,4
1340724,2
976159,5
1289391,1
1219429,4
921838,5
1670301,5
1670065,5
1201267,5
186208,5
477732,4
644077,5
1620860,2
388531,3
977005,3
297097,2
493365,3
130335,5
601900,5
619556,2
127345,5
705377,4
280443,5
1113801,4
729435,4
725476,5
1002543,3
1412992,3
1605000,3
1265069,4
511749,5
267508,3
398313,5
1497626,5
589165,4
1180764,4
730484,5
469450,1
675386,3
1074070,1
155323,2
291327,3
856385,5
599204,1
98685,5
322158,5
389616,5
1338224,2
1044766,5
644880,2
424271,3
246166,5
733893,5
1315236,5
514353,4
1377112,3
1192826,5
1515838,2
128552,5
74241,5
1161904,2
218738,5
1429235,5
1364279,4
226820,5
793611,1
889039,5
1459552,4
28167,4
172167,5
1299759,5
1047747,5
1015071,5
962766,5
7926,4
28766,4
1470011,3
1195259,3
195566,4
1529194,5
1407788,3
1666400,4
254518,3
1526829,5
1033982,4
1404884,5
810085,5
1212602,1
450766,4
1464554,4
117625,4
1688959,5
646521,4
1035531,4
790782,1
216490,5
1243311,5
371681,5
120245,4
1207738,5
1139127,4
1574455,5
717313,5
23223,4
1323847,1
255624,5
1301405,4
1026196,2
1238708,5
28372,5
1696898,5
374567,2
935741,4
398860,5
363574,5
987317,5
405399,4
585646,5
689800,5
1656963,5
1185389,4
886652,1
463742,5
1184851,4
908197,4
1616309,4
1015827,5
1380081,5
1270707,3
336648,5
357313,4
480854,5
615440,3
598105,5
414975,4
619000,5
1098578,5
769324,5
1034539,4
955230,1
57655,5
1564353,5
853613,5
336932,5
620867,5
1285779,5
1237518,5
1094693,5
258653,5
372046,5
910645,5
268496,5
1168802,4
41671,5
790549,5
226508,5
154891,5
1656651,5
506752,3
1283234,5
282269,3
765464,5
304128,4
1472782,5
358910,3
636303,3
1004745,4
336742,5
1634092,5
579674,3
1618285,3
1049488,4
529227,2
1072567,4
566256,4
1518420,4
630873,5
113282,4
125799,1
578277,5
1422607,5
1523259,4
461513,3
664786,5
25383,1
1241988,2
1673278,5
1172365,5
1129530,5
802973,4
973058,5
977966,5
1358495,4
1314716,4
737498,5
1016838,1
136289,5
1371557,4
1097307,5
720080,5
507755,1
1273009,5
1187606,4
1304902,2
1678448,1
1270075,5
1496595,3
906015,5
709329,5
31638,4
569119,4
1681086,2
1321076,5
21097,4
887437,4
1326649,5
475252,3
492515,5
1582817,5
291033,5
333743,5
74216,4
147687,5
712584,5
1521732,5
1175494,4
1556504,4
423740,5
1009191,3
1390715,5
753864,1
206109,2
1491443,4
1429423,4
656807,4
1564739,5
1515751,5
916663,4
1182652,5
621332,4
1546871,4
47458,5
785449,3
1491504,4
1108236,4
24455,5
587355,1
317688,4
826770,4
855761,2
75885,2
1338498,5
747170,5
1373089,4
711302,5
1533504,5
428413,5
1285866,5
353586,5
1490566,3
150004,5
1477013,4
730649,5
1273673,5
423089,5
399847,5
69338,5
405430,3
1421723,5
950431,3
912403,5
1158171,5
10020,5
1494322,4
118367,5
1084833,5
6223,5
1680533,5
806787,2
829642,3
295433,5
207232,1
1224810,5
899042,5
1148779,3
1376248,3
114218,5
879584,5
642642,1
1232043,4
1670096,5
967021,5
731786,5
870466,3
2916,1
126517,5
40508,3
15684,4
1444978,4
1594554,4
687846,5
901396,5
526758,1
984517,5
601751,3
444073,4
987959,3
363989,5
1328497,5
1485983,4
1139631,5
401394,5
47286,4
1194953,4
1152549,5
568251,2
1114855,4
1583548,5
1056291,5
520563,5
1206833,4
1140980,4
1667221,5
243891,4
1470688,5
1506845,5
469870,4
1482202,1
1078588,5
240921,5
389501,5
1307372,4
244920,3
1289347,3
360445,5
646608,5
578590,5
668844,5
1324765,5
1321825,4
1198147,5
505242,1
112275,5
440544,3
1176262,5
1416645,4
171857,5
346675,2
554042,1
59163,3
265486,1
1572724,4
407279,5
570115,5
776098,5
1628080,5
845218,5
283602,5
126786,3
845466,5
338550,5
857419,2
1466283,1
1203148,1
139346,1
110971,2
133472,5
460739,3
817442,5
249122,1
1437201,4
471783,5
912447,5
291174,4
123162,5
25982,5
227711,5
238488,4
1033814,4
297939,4
1132702,5
630633,3
66302,5
1033853,4
1416953,4
312631,4
184900,5
22925,5
932760,4
1620739,5
660447,1
1179817,5
800580,4
985968,5
762046,5
728778,3
14177,2
852252,3
1527462,3
595948,4
1384351,2
320922,1
304038,4
533429,5
1219400,5
190593,5
1428494,5
341580,3
1089474,3
1129955,5
445557,4
1379239,5
7341,4
1316185,5
1479238,2
1113615,5
476779,3
143397,5
1272800,5
616483,5
626163,5
172595,4
413031,1
1415113,2
1320254,3
330423,4
719960,4
489847,5
120559,5
1106879,5
627676,5
78675,3
525076,4
1431038,3
227889,5
1408295,5
1507923,4
903617,5
622937,2
343449,5
312341,5
118591,4
1645052,5
188069,5
1569305,5
1260444,4
223502,5
347692,3
1422937,5
695407,3
740761,5
1073988,1
1540899,5
848579,4
1189796,3
678366,5
390146,4
950426,4
11581,5
1480502,4
1290946,5
712896,1
116980,5
382860,1
1623723,5
1648234,5
916056,5
622024,3
1038798,1
429876,2
181025,5
908177,5
1314505,5
239004,5
619884,3
54167,5
808045,1
304851,5
1006300,2
645109,1
495158,4
735044,5
321777,5
1681118,5
1541262,4
506575,4
190145,1
103924,5
1411321,4
814590,5
440357,5
1242876,5
959495,5
514775,4
1561459,4
1273997,4
392986,3
547853,2
770804,1
1208047,4
611280,2
1171367,4
1696338,3
893835,4
606353,4
844766,5
1181570,3
429214,4
1445482,5
282657,4
915674,4
518591,5
1688810,5
1043200,1
291118,4
1424133,5
699934,5
1427487,4
1468592,5
1467257,5
176639,4
527587,4
51145,5
1200141,5
236367,5
1182746,5
87089,5
1068242,5
132019,5
977046,2
616670,3
759238,3
562197,5
799100,4
1438709,5
1036790,5
1466822,5
1030604,5
538014,3
1694206,5
89593,5
116147,1
884078,5
351991,5
435821,4
522478,5
1567725,4
75812,1
1370960,5
1573468,5
74329,3
1040583,2
549176,3
188592,5
764056,4
526076,4
924652,3
118201,1
852345,3
569381,4
1450541,3
1356401,5
1572227,4
1197051,3
967949,4
1573426,4
432015,5
1618434,3
750844,5
1040558,3
843895,5
1676090,5
477568,5
1422869,5
896907,4
1350350,5
1220762,5
1348379,4
8547,5
1059082,5
254433,5
396314,3
544469,5
367580,4
1251519,3
814346,5
419165,4
916904,1
871506,5
605843,4
616802,4
101995,4
947222,5
1358591,4
332838,4
905986,4
1055006,5
1667564,5
245832,3
374739,5
717056,5
1409164,4
1240171,1
467210,4
1347730,1
80809,3
509763,4
84835,4
650397,4
8504,5
1413391,4
985869,5
111229,3
105092,3
1172202,5
1293338,5
492109,5
384151,5
908582,5
1207185,5
744879,5
20775,5
1372827,5
527869,1
929647,5
1315063,5
243960,3
1471725,5
1301220,3
488491,5
986135,5
1116993,5
1324795,5
580115,5
1320300,4
866430,4
1663731,4
1389221,4
564795,4
1643091,5
413817,5
193551,5
1376053,5
1236137,5
163108,5
295631,4
723844,4
208798,4
1475396,5
452599,1
818712,5
955008,1
768147,4
115510,5
828006,3
662067,3
1462986,4
568135,5
1329126,4
1142188,3
1089670,1
786872,5
1535462,5
1520588,5
984544,5
1513841,5
803277,3
542435,5
1693263,3
32159,5
1594122,5
486652,5
1207560,5
1634269,5
137975,5
1668861,5
1339294,4
1001226,5
1079681,1
542449,5
1362569,5
1375168,4
1655205,1
1006364,5
903471,3
270514,5
829988,5
672597,4
975132,5
977502,5
1457161,3
550341,5
1609719,5
346917,3
1108583,1
1277175,3
1042426,4
568211,5
432914,4
1132079,4
1345780,4
552260,5
340363,5
125415,3
1378152,5
432752,5
997355,5
800434,2
1003391,3
808997,5
499671,3
793673,3
925054,5
586430,3
85428,4
999301,5
1446990,4
241051,4
1190379,5
1660742,5
1422117,5
70150,2
741367,2
1103201,5
1358673,5
1654463,5
1509217,5
590754,4
272769,2
424947,5
1061909,5
791404,3
804712,4
472029,4
1432480,1
236573,4
1471337,4
410946,3
555470,4
678550,4
1182743,5
235001,5
1685546,5
762764,5
50613,5
881472,5
1568736,5
547357,3
329989,5
76410,1
895778,5
355059,1
601128,3
561317,4
377806,4
1520997,5
1450796,5
1140634,3
962865,3
1317168,5
1040917,5
811418,4
262423,5
638912,5
881422,4
854672,5
337345,5
1302496,5
290052,1
612640,5
1478053,4
376669,1
328777,3
555375,4
624970,4
29967,3
440645,3
583253,4
1066785,5
961564,4
490890,3
940943,5
1219680,5
657170,3
1608896,4
451509,4
1282181,3
1119420,4
1160402,5
1585583,1
1508004,1
846801,4
1139808,5
693167,5
1100049,5
1436765,5
1257289,1
590027,4
1631218,5
574527,5
155387,5
221967,4
18510,5
136619,5
1058447,5
1157916,3
901306,5
1191469,5
387507,5
1299818,4
1560331,5
526122,2
453291,5
1568449,1
1092153,1
729023,5
412969,4
1385763,5
1265432,5
393866,5
549487,3
139941,5
1135779,5
1596755,5
1007604,4
255689,2
655142,5
1345040,4
1622025,4
883193,5
447290,4
760190,4
342223,5
1475787,3
1234354,4
626624,3
577329,5
1563875,5
1596139,5
940835,4
143050,3
1127938,5
126401,2
255342,5
725444,3
25823,5
1535034,5
228526,5
1027419,2
149717,5
1046880,3
691529,5
30939,5
691960,5
1021807,5
935921,3
1436798,5
189867,4
714772,5
203776,5
1326051,2
1222007,5
869617,3
569611,4
330023,3
491367,5
144075,4
408911,2
404806,5
1044451,1
199451,5
1192044,5
120129,5
1254982,5
1657571,4
319788,5
171156,3
1333193,4
1636621,4
120511,3
375010,5
1153783,4
1411242,4
114844,4
45740,4
32354,5
1570008,5
173162,5
1407129,5
1065231,4
1255506,4
179754,5
934534,4
120853,5
1517320,4
1130359,4
1506504,5
748302,3
1513372,5
1481830,1
723695,5
21845,5
1072355,3
878755,4
600554,5
1521541,5
1038030,5
1614852,2
1697336,4
1171473,1
664486,5
301772,3
912888,4
680128,4
542530,1
827883,2
653206,2
395087,5
557120,5
1449390,3
623773,3
937337,3
1112803,1
153241,5
766470,5
53725,4
1437085,2
286306,5
1173937,5
506331,5
788202,4
1052782,4
1597173,5
1256714,4
1418804,5
1148660,1
1184063,5
1211713,4
812957,5
191248,5
1382619,3
1274951,5
407911,4
902588,4
1074664,5
1328680,3
847503,2
1358439,5
1214780,5
498129,3
547407,3
743166,5
934922,4
1158111,2
1264865,5
172781,1
1440405,5
1384806,5
259924,4
455005,4
221659,4
1526805,1
112539,5
1102727,4
598690,5
607380,3
1163352,1
1323705,4
1409749,5
884969,1
1282878,5
1565239,5
607153,5
1155151,3
371755,3
275118,5
1320996,5
1416022,3
709914,4
1306424,5
644326,5
1092430,3
301398,5
1129160,5
230740,4
828024,4
487828,5
173206,5
95406,5
1075711,5
1337212,5
316349,5
752,5
613312,5
1650593,5
184246,4
729828,4
1108036,4
275627,5
833041,5
1019262,5
1196333,2
695528,5
428873,5
1570740,5
194824,5
229507,5
330987,4
164711,5
1681586,5
649397,4
583595,4
1446320,1
147048,3
911141,5
1190698,5
878750,3
1437121,3
140054,5
154380,5
1686664,4
67216,1
193172,5
1183648,5
154113,1
1301238,3
233635,5
1080619,5
657394,3
35539,3
1004425,5
661769,5
490056,5
826800,4
286258,5
126065,2
449783,3
126951,5
1291399,5
1541882,5
892589,5
49672,4
663585,5
149307,5
1577670,3
1120557,5
689849,5
338946,5
79153,4
1384400,5
728369,5
1481134,5
1570193,5
1580436,1
239568,5
189490,5
609118,2
1650814,4
540520,2
770335,5
1630705,4
544552,4
938916,4
936398,5
373712,4
298973,5
1231792,4
962268,4
1355975,1
1180935,5
1346788,2
1077626,4
218096,5
345750,5
1198624,4
317421,4
467913,4
694662,5
1582728,5
352176,4
1692216,4
1177335,5
1367641,5
279456,5
560295,3
984100,5
921002,3
1048202,4
577768,5
907354,5
1111431,5
1043295,4
69940,4
930968,5
283149,5
1695282,5
719801,5
1386260,5
1112816,3
374595,5
851663,5
1292160,5
1202489,5
1147048,5
152307,5
1332398,4
324829,5
1032473,5
977039,5
1591442,4
759438,4
1558715,5
294693,5
682729,5
1143203,5
13538,4
927381,3
332226,4
525082,4
15549,5
1401777,5
500358,4
552588,5
1278902,4
379612,5
1158051,5
332110,5
287687,5
1544389,4
627302,5
585989,5
1341417,3
546650,5
1053804,5
555457,3
644078,3
1296684,5
711151,5
714661,5
1099258,3
922084,4
999606,2
1394900,1
506250,5
1097400,5
452062,5
1066502,4
1150351,4
1155319,4
853754,2
1083198,4
903563,3
357347,5
676227,5
1615384,5
266124,5
1267133,1
446213,2
262059,3
1675697,5
1158931,4
1077523,5
1446294,5
1306698,4
409167,5
1634046,5
3393,5
364394,5
384866,2
1046331,5
868354,4
227939,4
1135669,5
819376,3
93238,5
520191,5
495807,5
487949,5
403968,5
1356161,5
666083,5
1664169,5
1389043,3
737223,5
1485662,5
138739,5
655380,5
19874,4
1394353,5
1151944,4
1564655,4
370777,5
156879,4
1367347,5
1309106,5
727083,4
963401,5
791842,3
67883,1
867326,5
62635,5
396311,5
333219,5
1278918,5
400649,5
933726,1
145396,5
1384884,5
1437638,5
1068405,4
1655490,1
478153,5
1375114,4
119473,4
1393421,5
1655342,4
1151844,5
250605,5
165697,5
1443291,5
86327,3
237361,5
568097,5
1154860,3
838514,1
58718,5
1048738,5
1225935,5
130821,5
1248995,4
501547,3
1453402,3
1445395,3
1055178,5
1365914,5
300486,5
889369,5
1162038,5
599527,5
752856,3
444227,5
434213,1
307271,5
855584,3
1642142,4
684987,4
497373,5
1323668,3
598533,2
510470,5
1024765,5
529892,5
1147223,5
55568,5
498173,1
1107183,5
111772,5
1130809,5
1662647,5
680774,5
1061718,5
637030,4
116160,4
314167,5
228120,5
937868,1
1187263,5
769927,5
725703,1
447334,2
25943,2
968602,3
1663604,4
481000,5
769255,4
1039818,5
1133437,5
1618379,5
1323800,5
1628627,3
1568321,3
695523,4
1489296,4
1458946,4
602992,3
1426473,3
340805,1
910762,1
851967,5
316992,4
1565733,4
1126908,5
816792,4
1492314,3
1513393,5
1278556,4
1001937,5
862089,3
1075699,5
714604,5
935473,3
580131,4
825414,4
623780,5
1245881,5
53389,4
176474,5
720079,4
1434531,5
513396,5
397222,5
4270,5
573526,5
374194,3
814149,1
431007,3
189088,4
572993,5
268056,4
993814,2
731597,4
1430811,4
1066771,5
869320,5
356088,5
51932,5
1251276,5
1248442,1
158099,5
867035,4
334569,5
462551,4
1598449,1
1309567,4
784029,3
1059688,5
1556233,4
463424,5
644251,5
606070,5
936490,5
1530387,5
1566837,3
617831,4
996953,4
820018,2
237430,5
1022002,2
696862,4
544686,4
929137,5
1297231,4
604634,4
288577,5
1363134,5
1463291,5
685354,4
1298924,5
1551784,5
907899,5
99469,4
1175204,5
1432242,5
1404230,3
1507764,5
34058,3
1162459,5
522277,4
1372141,3
1191341,2
792750,3
710259,1
507336,5
519868,5
1128816,3
1028411,5
374769,5
215571,1
443111,5
675731,2
1652258,5
1632371,4
613577,5
192826,1
1007234,4
1508383,4
940483,2
1333574,5
909590,4
1524552,5
890943,5
452629,5
1421661,5
999650,5
833554,5
408981,4
164371,4
888394,5
387261,5
604807,3
1029163,4
142613,5
1457076,5
171594,2
235989,3
520439,3
502088,5
1390466,1
136785,4
140174,5
284363,4
39738,5
274257,3
472739,3
374205,4
555565,5
259931,5
920643,5
75864,1
428883,5
560232,4
1171401,4
131514,4
831907,4
1540436,5
1024599,4
720698,2
1379821,5
1565833,4
771876,5
1435783,4
1203464,3
895172,5
393376,3
393783,5
720182,5
354667,5
643484,4
1468105,5
124167,5
1474123,4
572024,5
436988,3
1315455,5
1188241,5
174083,5
152754,5
507675,5
1655638,5
1452408,5
1013886,2
27411,4
1433294,4
1046193,1
1634214,5
1367907,5
1257592,5
205855,5
537388,4
407912,5
684908,4
951330,5
669244,3
1362993,5
436734,5
1135875,5
206265,4
978134,3
1485599,5
490237,5
1385701,3
1090998,3
1458894,5
591259,5
619217,2
1419114,5
1006345,5
1272515,5
217397,4
445384,4
588641,5
289558,5
1414804,5
52799,3
1073016,4
661277,3
1518570,2
531339,2
911652,1
246539,4
1341020,5
1603721,3
1661847,1
287349,5
850809,5
1125550,4
1646587,5
1279325,5
319208,4
301848,4
682541,5
1197991,1
1053247,5
644812,4
1006609,4
704092,5
743770,5
1064335,5
891515,5
1465494,5
525425,5
922817,3
1308251,5
548857,5
18157,4
883623,4
1113082,5
1136401,3
707447,5
1099901,5
1545238,5
1405681,1
1111554,4
649108,4
443587,5
690834,5
259420,3
1633758,1
1663086,5
1525021,5
301217,2
1674664,5
1446282,5
1395694,2
1560834,5
467173,5
805313,5
1435481,5
663814,1
1519663,5
237183,5
1122145,5
1243219,5
128089,5
3665,5
208777,5
1073331,1
1255932,5
84735,2
851511,2
585455,5
1225702,5
1091069,3
707625,3
1295538,1
387627,5
381747,2
244473,2
835952,4
286146,5
56666,5
1604648,4
587233,5
583199,3
76737,5
1057446,1
1074672,5
1192787,5
397123,5
630629,4
930976,5
1024279,3
610748,5
1036628,3
1421003,4
972811,3
874521,5
381463,5
687188,3
823168,4
810985,4
320290,5
1422804,4
834395,4
739698,4
1266304,4
1005679,5
773065,5
1115255,1
1041321,4
853526,5
1196064,5
670840,2
24263,3
684716,5
604455,4
1389326,5
1590773,5
494145,5
234375,2
969916,5
530102,2
676828,5
154476,5
1427580,1
72518,5
226810,5
1076786,3
1377499,5
29271,4
796619,5
1022251,5
1357821,5
273435,1
36126,3
15628,4
1525137,2
905493,1
710592,5
64845,4
1024204,5
630070,5
1236875,3
598420,5
1332743,3
150281,5
270871,1
992482,5
12618,5
231717,5
492280,1
429170,3
973936,3
1209921,5
104497,4
1578097,4
382397,5
833446,5
370794,5
255308,4
1525755,5
1053112,4
1020101,5
192389,5
892039,4
131315,4
494822,5
1390655,1
138415,4
872862,5
936622,5
689764,1
20893,5
1126139,5
1081977,5
487865,5
551172,5
662445,5
52125,5
1440429,5
779506,3
1455768,5
1117968,4
1298351,5
1619646,3
352939,5
1377383,5
44593,5
1275435,1
134999,1
629742,5
119311,5
426651,5
1682579,5
1628525,5
74818,5
1150490,3
184301,1
1356156,1
265980,3
1548362,3
761003,5
1659490,4
1222155,5
822031,5
602179,4
1691168,5
845100,4
506628,5
441749,4
996408,5
1019584,5
917698,4
1547093,5
712462,5
1547898,5
57668,5
1194677,5
1452648,4
1439798,5
1264998,3
1693967,2
1405192,1
500529,1
490285,4
24322,4
123960,5
693796,3
57841,4
384312,5
907841,3
1268977,5
656470,5
396488,4
233817,3
967620,3
505948,2
901858,5
414895,5
958269,5
771138,1
1229701,4
802507,1
844581,3
1101765,1
1120523,4
495233,5
1125537,4
1376067,5
819102,3
560138,5
1614481,3
918288,3
879486,3
1532527,3
1461592,5
1597619,1
909209,5
701576,5
907889,5
722863,4
763107,5
700339,5
579405,1
851816,5
1143948,4
1522054,2
66071,1
1368795,5
648208,4
1341480,5
981808,4
754510,4
1019760,2
346478,4
892065,5
773446,5
1257172,4
47849,5
113336,5
475310,4
815454,5
187586,5
382696,5
1211454,5
428441,3
1201288,5
1513618,4
26751,5
1250566,5
1053402,5
1453531,4
618054,5
1365919,5
1162679,2
655649,3
352850,4
119579,5
1205181,4
1476686,4
274353,4
252086,5
772596,1
1271562,3
355574,4
2273,5
882546,5
1420156,1
1400715,3
806693,1
431086,1
432160,4
914065,5
171219,1
659937,5
1188479,5
1672597,5
481078,5
414266,4
394540,4
58993,4
24605,5
247607,5
859955,4
1195267,5
1197521,1
395858,5
873295,5
1383224,3
1684174,5
177541,5
306606,5
296757,4
1518126,5
335852,5
488998,5
1418757,5
258574,4
998867,2
218845,4
1292039,4
1483281,4
1280004,1
948300,5
173496,5
240900,5
402529,5
851919,4
451786,4
162163,5
1219370,4
167164,5
1207804,3
220714,5
1527492,3
886603,4
528529,3
615111,2
535733,2
899457,5
452580,4
467406,5
115850,5
270386,5
1505334,4
1408142,5
1637061,4
244391,5
985888,5
18008,5
806987,5
1025977,3
1067286,4
1313123,4
398661,5
520313,1
450376,2
1026359,5
485120,5
1217933,1
870372,5
166267,2
1325525,3
1600619,5
1564284,5
236687,5
965188,4
1392938,5
1394410,5
476421,5
1228681,4
73509,5
1342131,5
1313782,5
700803,5
1467394,4
186185,5
1119020,3
13292,1
893395,1
561734,3
1658206,1
1522348,5
1148329,4
497562,5
965724,4
1022559,4
1692780,1
748256,3
853278,4
1467715,3
820097,5
1631598,4
226415,4
6656,5
502213,3
185814,4
760048,4
399252,4
142746,5
1037600,3
1480103,4
1650816,2
269789,4
1549669,2
1408352,5
76856,5
1530784,5
55274,5
1604948,4
657216,2
1214482,3
1527998,5
1500122,3
58103,3
965468,5
96789,5
174407,5
858180,5
474029,4
1082479,5
629104,5
1090716,1
1630434,5
556978,5
565979,3
667185,3
31497,5
95041,5
396927,3
425664,5
368438,5
1279929,4
975612,5
199668,1
945357,2
1205272,4
1374914,5
785233,3
479137,5
913851,5
553402,5
236701,4
1151680,5
454159,5
460416,5
645421,5
1233850,4
1543790,4
352648,3
1518743,4
1066525,4
154454,1
685629,3
777167,4
154301,5
940720,1
259276,5
604117,5
178590,4
556965,2
880729,5
1643008,5
1554631,3
1522089,5
810017,4
695830,4
1420498,5
1470330,3
1654030,1
925351,4
1183866,1
1224787,5
264934,1
844778,5
15508,5
71495,5
994916,4
973647,4
746950,5
394874,5
218127,5
295829,2
947930,5
154677,5
446587,5
469580,1
974292,4
1117744,4
1583217,5
308097,3
1622757,3
90509,5
1683887,5
1192705,1
345767,4
584882,4
990984,5
1679328,4
1221715,1
1696559,5
517806,5
1075158,5
344591,3
219416,5
1204892,5
1174191,3
360392,5
167893,5
176300,3
1090996,5
1146332,5
1558689,2
886726,5
397317,5
685512,5
1585882,5
283022,5
558269,4
1674912,1
3448,5
358708,5
418331,5
861882,5
1692549,4
683433,3
1167106,4
1328551,5
409299,5
195810,5
226715,3
1085935,1
1028217,3
483414,5
328848,2
1058263,1
1290141,1
3479,5
1315017,4
436100,2
1572602,5
1548931,4
350203,5
208412,1
476799,5
186674,5
18568,4
862238,4
649259,5
1280125,1
1177410,5
8154,5
691230,5
442445,3
637125,5
1115462,5
19385,4
1632222,3
287611,4
303233,4
918815,5
265412,5
1271691,1
529519,5
823042,4
288126,4
555511,3
1064107,4
113781,5
431342,3
427954,5
1526632,2
1546424,5
1514211,5
967139,5
1047987,4
447106,4
1452653,5
1279971,4
497966,5
293262,4
897135,5
1306556,4
1198259,5
516989,4
1193250,5
1654971,1
1034766,5
1655166,5
1518740,3
1396511,2
300890,5
798727,5
1430930,4
529404,5
1145610,1
1274426,4
252228,5
326662,5
885605,2
1559443,5
666343,3
631726,4
1196099,3
494518,5
387829,5
922392,3
1555610,4
146498,5
282318,5
782599,5
262468,4
45338,5
1094073,4
917432,5
298062,5
555232,5
1655836,4
602717,5
1353452,5
1510708,4
974517,4
80025,5
560693,3
1391217,4
1340748,5
1090315,2
262818,5
656628,4
255679,5
791076,4
1697372,3
374097,4
1373203,5
604317,4
932114,4
750479,2
1325422,5
908760,5
1263888,5
1573564,4
1638393,2
472247,4
1189752,2
648489,2
91906,5
708555,5
835581,5
1641850,3
1204365,4
1435359,5
216218,5
697388,4
100805,4
696609,5
677864,4
1353203,5
1565215,4
409724,3
503463,4
700163,5
745070,5
131386,5
388072,4
1648911,5
1576450,4
192577,3
1008033,5
283415,5
1018866,5
339775,5
148400,5
74556,5
1083355,5
1195254,4
1652510,5
453225,5
101006,5
766671,5
761706,5
1330539,5
1113846,3
494063,4
1694164,4
1483033,5
905075,5
754404,2
1506973,5
605865,4
1087695,1
1427444,5
805016,5
1444065,5
1102075,5
663064,3
125921,5
757664,5
1345719,5
741981,4
1472544,4
10400,5
678401,2
106790,1
634660,4
513231,1
767407,5
1595058,5
664223,5
397729,5
197156,5
1451576,5
148832,4
748856,5
1361649,5
1190160,4
1433840,5
929900,5
148904,1
1389307,5
850798,5
796034,5
643934,3
1551520,5
1546308,5
1238963,2
533610,5
608495,1
1257218,3
738354,5
1507301,3
581464,5
1451406,5
1081523,2
268095,4
1149073,5
1557763,1
1061568,4
23641,5
1269077,1
1505436,5
167242,5
86935,5
316302,5
1583755,5
929893,2
387312,4
470890,5
965369,5
1101279,5
50500,5
962683,4
20418,3
1282561,4
924750,1
1138241,5
525690,5
512848,5
26865,4
1213111,4
248802,3
1228911,5
438899,5
441936,4
659444,4
1268394,5
139913,5
107663,5
966716,5
275181,4
226798,5
1624023,5
1077055,5
1644458,5
291236,5
1043013,5
173970,5
1601203,4
435640,2
1116357,5
1574496,5
626898,5
1141988,5
1228980,4
446828,5
316735,5
558300,5
275169,4
1116959,5
1635027,5
1410763,4
463286,3
1416691,3
251255,4
142347,3
702351,5
1053133,4
466743,5
445454,3
1218607,5
1637525,5
1166924,5
1374294,4
637630,4
978340,4
556350,1
1040689,5
507249,4
1420609,3
136806,4
1608313,5
1037494,5
1147309,2
1179802,5
1160949,4
900514,3
1046357,5
1683983,5
592302,5
130016,3
734087,1
1094192,5
342638,5
1282639,5
1497086,5
1198839,5
1018090,3
767699,5
597569,4
1223332,5
1175821,5
785219,5
656832,5
410792,4
795349,4
1181406,4
1508915,5
1180198,5
1209634,5
1376886,4
898433,2
567311,4
1506747,5
1558440,5
1364058,5
1175803,3
1577139,3
1374630,5
1368492,5
1201642,1
638081,5
514866,3
139170,5
1062913,5
1293664,5
702062,3
87676,5
1215950,5
1411134,4
1466842,3
1228229,5
731119,3
1078944,5
876305,4
660916,3
597126,4
116939,4
34860,5
993936,4
1360803,1
997857,1
1314185,3
1170062,4
538713,5
1249655,5
484219,4
616645,5
1285842,2
1627054,4
1468972,5
580246,5
777448,5
579790,4
712750,1
171981,4
700360,5
1554235,5
498292,5
1250420,2
1309066,1
302289,5
109379,4
676537,4
68590,5
859067,5
121066,2
811298,2
16572,5
24210,5
1271136,4
1389531,5
174648,3
1639892,4
1514963,2
1564781,4
1101049,5
239570,3
614624,5
1066660,5
1673292,5
676219,2
61211,3
1663439,5
540990,4
857914,5
526194,5
395727,5
1219070,5
225281,5
62760,5
1346130,5
983879,5
1302889,5
821818,5
701041,3
1466706,3
1599216,3
1090248,5
1533065,1
420651,5
1498653,5
427212,5
1045082,5
1609390,4
812545,4
260752,5
188565,4
1071883,4
669483,5
1262636,5
1284203,5
291134,5
942980,5
160887,5
1339079,5
1482624,4
446386,5
545531,5
1622543,1
1138997,5
1316542,5
1456027,4
165856,5
330716,2
1207057,4
1697170,5
980343,4
1085022,4
1576022,2
1385268,5
130990,2
230524,5
566284,4
1401461,4
361275,4
1495277,5
1555539,3
497782,4
1083433,5
8277,3
158474,1
1278336,5
843681,4
1541275,4
1559190,4
607604,4
439916,5
494458,5
427372,5
1552408,3
563786,4
1124594,5
454291,1
848861,1
1690123,3
262527,5
825003,1
1653516,5
691809,5
1019895,1
484232,3
1145926,4
471280,2
238604,5
1213223,5
552978,5
1148169,3
1422703,2
423898,5
1489045,3
1066391,3
1680134,4
93952,4
790294,3
699720,2
1484963,2
1079657,2
306722,3
146090,5
402808,5
1690246,1
668762,5
1218251,2
1632828,4
728713,3
648802,3
352103,4
222392,5
1605046,5
445691,4
991315,5
1061905,4
1030499,5
1097656,4
696281,5
640126,5
1213075,5
828396,1
731465,5
1689859,1
171273,5
1152414,4
1525481,5
1653118,5
1436804,4
240693,5
799979,5
1394919,4
906415,3
293678,4
292349,4
377435,4
529016,4
124935,5
1696624,4
1514659,5
1063082,5
1155956,5
381935,5
1080301,1
117023,5
412081,4
999107,4
14403,4
1167450,5
911774,5
672580,5
512946,5
17406,5
1469914,2
599560,3
411098,4
1244743,2
270480,5
555444,1
285923,5
1466154,2
1169169,4
931321,2
1173668,4
1594802,1
1679743,3
1206774,5
407590,5
988647,5
1563936,5
1362124,5
1251219,5
648471,3
287952,5
1331685,5
399029,4
919697,4
650961,4
1534740,3
187861,4
312364,5
690335,5
575750,5
1622102,4
796418,5
881929,5
913557,3
1345579,4
439486,3
1075546,3
537770,5
521736,5
1558250,1
373594,4
201038,5
107559,1
847636,4
1015385,4
81429,5
1558519,3
1520073,5
942837,5
1200955,4
155983,1
529375,4
1396899,5
901492,5
406528,5
752377,5
968661,5
88261,5
1287754,5
647705,3
964467,5
1458555,2
1406247,4
391566,5
218470,5
881650,5
144692,5
589653,5
358381,4
496903,5
931107,1
69031,5
1423535,5
1448514,3
822703,5
1065286,4
1050210,3
1290886,4
753160,5
687769,4
994260,5
841154,4
1495287,5
1527262,1
919394,5
999939,1
1465272,5
548018,2
1284028,5
685425,4
1011716,1
677337,5
1488963,2
154722,5
1592886,4
1561630,4
294944,5
992666,5
1270893,4
569155,3
836763,5
203964,4
1062303,1
1613367,1
1418545,5
804192,2
418100,5
1405629,5
1066478,5
366775,5
1350884,5
55868,5
717538,1
658345,5
213989,5
711488,5
569088,4
989832,5
168197,4
58576,5
596627,2
1111411,1
1390255,5
1639480,5
1628697,4
349227,5
1204584,4
432499,4
950524,5
302918,5
998954,4
1296189,5
132215,5
1180128,3
1567119,4
568071,5
394182,4
1460444,1
1399676,4
775376,4
576561,4
807590,2
113250,5
128641,4
1531990,4
578010,5
1002715,4
830838,3
1396463,3
315435,3
969864,5
525595,5
60252,3
42212,5
184311,3
440813,5
1082378,5
1207648,4
641473,5
803702,3
98994,5
1222781,5
914393,3
621512,5
1466945,5
1286357,5
242802,4
1084093,5
1336812,5
1107030,3
322148,5
1515142,2
1008875,3
1060244,5
590433,4
672362,3
1049618,5
270624,5
483835,4
1612999,3
132506,2
559646,5
1416171,4
521977,5
1539566,4
327193,3
126245,5
30889,2
1147158,5
1513133,2
438421,4
187457,3
523921,5
954185,4
1359750,5
1499431,2
460308,5
706404,5
637540,4
349165,5
736842,3
1467907,5
272867,4
957527,5
734722,4
1241770,4
958853,5
260911,5
1199762,5
1359587,4
1079355,5
343549,3
1695785,4
1070775,4
412962,5
1056139,5
1017476,4
192509,2
785874,5
327350,4
1407420,5
341027,5
792199,5
199277,3
1151223,4
1108237,4
839699,3
1488729,5
1031938,5
1681632,5
1250992,3
354463,5
300497,4
619959,4
565744,5
1087286,5
881451,4
56297,5
792203,4
733753,2
1511059,4
727668,5
1438370,5
332070,4
14559,5
303133,4
577397,5
206042,3
1171315,5
313228,4
207089,5
1622859,5
451863,4
1012949,4
612126,4
34036,4
940911,5
1582232,5
81150,3
755575,5
1149230,5
1513508,3
1235013,3
1650110,1
1631794,5
1536785,4
1225801,5
1089682,3
934777,2
603193,4
1533485,5
244345,3
4452,5
1085387,4
890910,5
1339165,4
1057356,5
1628096,3
904266,5
854538,3
27583,4
246338,4
951175,5
1369267,3
1643939,5
6195,1
555081,3
708897,4
1031420,4
1114990,5
1384509,3
367735,5
213372,5
72694,5
31462,2
937414,5
303079,2
458874,4
1650795,3
1600270,4
1670915,2
1267916,5
291793,5
391918,4
1293433,4
542596,3
293800,4
1431617,1
916302,1
169881,5
1544217,5
208418,3
424852,5
361797,4
1647854,5
340928,3
53464,5
1259513,4
1019004,4
555704,1
974946,5
406021,5
875871,5
187295,5
842837,5
1117844,4
1127832,4
559754,2
685929,5
908713,5
1107211,5
235083,5
1027579,4
1440642,5
1639744,4
1523108,5
1446053,5
1400681,1
1351082,5
382533,3
425539,5
1053992,2
362555,5
1484619,3
935800,5
248110,5
1553742,1
503950,5
952398,5
811596,5
139138,5
1119251,4
282781,4
59795,1
833886,2
1425534,4
1288727,5
1473876,4
344155,3
864228,5
1228553,5
1521685,5
1190432,4
967590,5
309954,5
876719,4
1580674,4
1140131,5
832947,4
1625145,5
756675,5
1239337,3
1454315,3
737245,5
1314684,3
126980,1
760463,5
1252942,2
1256974,5
1093593,3
365915,4
211998,3
208441,5
727404,4
1098698,5
1349184,5
454511,5
1684991,4
93578,5
1148564,5
1025269,5
1194182,5
1633655,1
1396482,5
1463603,2
927191,5
1188733,5
610758,5
365833,4
383066,5
840138,4
299311,5
519192,5
608975,1
1369212,5
1492843,5
1004607,2
1535887,5
508784,1
1187488,5
574812,2
152202,3
1246493,3
902395,4
1312506,2
591117,4
380502,4
981206,1
1494438,5
1493413,3
953898,5
742203,5
1531720,4
17369,5
1150254,4
1017343,5
406806,5
1191345,3
144965,5
286888,4
1303984,1
1223930,3
523066,3
489002,5
11230,5
1341636,2
1284331,4
671174,5
508751,5
1117932,4
171123,5
627124,2
1003619,4
1525193,1
1558653,4
338106,5
316061,4
1415122,3
1448749,5
649867,3
1330387,4
769473,4
838801,5
1692746,4
78701,5
18921,5
1227444,1
225134,5
15567,5
584907,1
1445122,4
108409,4
1682541,4
806851,4
173539,5
1185443,5
115158,5
1312490,2
356254,4
1210920,5
408549,4
691129,5
394859,5
1406715,4
856191,5
285722,5
749184,5
833427,5
139526,5
1320832,3
1368718,5
1599838,5
470935,5
1354180,5
398496,4
572787,5
598535,5
1426552,1
1241856,4
446306,4
902428,2
613796,5
1222216,3
279299,4
1364214,5
942345,5
1316869,5
1613926,5
886899,4
1214135,5
188002,1
1197263,5
1466661,5
529624,5
1351148,5
1606523,5
1675605,3
949002,4
1085842,4
201652,5
837357,5
42621,5
284405,5
581532,4
187593,4
1518426,5
714916,5
17950,4
861276,3
525616,2
1268998,5
957634,5
1517898,5
894727,4
451086,5
751564,5
397897,5
1612214,2
49444,5
927583,2
1417183,5
1269029,4
520193,5
211512,4
940299,4
69792,5
109738,5
1426578,3
1051996,4
1279187,5
590928,5
957260,3
1087881,5
85927,5
689946,2
365632,4
182970,5
213893,1
388098,5
547191,4
1201900,5
1376673,5
699975,3
1444882,3
1199871,4
1166022,4
944491,1
1356095,5
794403,4
1238055,5
1179452,1
858234,5
699280,3
705031,2
592082,3
453398,5
714338,4
1001649,3
1030677,1
335925,5
1560499,2
1522879,5
1188478,5
1286212,1
881546,5
241148,4
1263751,5
834448,5
1397500,4
263363,3
1473551,5
419644,5
1555767,4
990935,1
1270326,4
1642803,4
1301841,4
32816,5
765597,4
504532,4
1035716,5
1051643,5
1238716,5
729160,1
432798,3
521455,5
998685,2
493813,2
1275151,5
873193,4
1256579,5
345646,5
1480458,3
959962,4
1339158,3
1083454,5
875530,2
416120,4
1058363,5
642001,3
905471,5
280940,2
957654,1
288994,5
1363467,5
1317700,4
727058,4
827108,1
600268,5
1324194,5
572861,5
843438,4
578248,5
680283,5
1344389,5
1476100,1
508794,5
236902,3
523813,3
1513309,5
1331976,5
1076534,5
849899,4
1302490,5
707108,4
440710,5
949267,1
1451453,2
1476879,3
220813,5
1671381,4
217978,5
1277486,5
1419160,5
269052,5
640781,1
984390,4
1656113,5
931917,3
414816,5
311420,5
647985,5
1567312,5
717135,5
583166,3
127719,5
1358716,5
413824,4
1574887,3
547319,5
1568344,5
442975,3
1349015,1
135070,3
645565,5
1463627,4
474105,5
368608,3
1299067,3
819621,4
21571,4
628503,1
428340,4
1471579,4
382856,2
219957,4
1037498,5
44973,5
1172994,5
264704,5
196858,4
1167621,3
1011963,3
554012,5
1307752,5
1675591,3
817205,5
154308,5
557611,4
630512,4
771337,5
388177,5
22201,3
791256,4
891635,4
1460829,4
779344,3
434256,4
1247843,4
216323,3
577614,5
649022,5
718490,4
338159,5
1451234,5
268952,5
1225663,1
880065,5
632512,1
461879,3
159097,3
832134,5
719206,5
600338,5
1507471,5
19827,5
586213,5
467174,5
520476,5
1509964,3
1608383,4
1612269,5
1268430,5
516239,5
768961,3
1017334,3
285525,5
862283,3
306735,5
960765,4
45968,4
1494880,4
1429393,5
33316,2
1578842,5
1153513,5
901929,4
399429,5
1344410,5
751328,4
1254945,5
307821,5
761837,1
1061749,4
978302,5
1337505,5
1160392,5
1604947,5
512152,4
1170759,5
572607,3
56563,5
1414579,5
989996,3
1266387,5
1640741,5
394996,5
236085,4
401892,2
414819,4
1041764,4
457815,1
525976,5
1013831,5
1112607,4
980692,5
458329,3
343703,4
148463,5
927469,5
216028,5
85940,4
967031,5
1172383,5
1358038,4
192394,2
30585,5
659453,5
729393,5
1275864,5
183187,5
1549093,4
482251,5
404111,2
377386,2
1474724,4
982972,5
1136888,5
1270316,3
159007,5
198721,5
1514415,5
29510,1
557391,5
1391468,5
887115,4
338410,2
130725,4
1118147,5
847770,5
299725,1
781555,4
769159,5
1442469,4
899975,5
849431,5
693909,3
1341694,5
239157,5
286308,3
1352118,5
56327,4
570595,4
198302,4
147505,4
1602023,4
213310,4
458073,5
1359320,5
600508,1
60977,1
1204582,1
283398,3
1372566,3
684339,5
1013126,5
1113822,4
1018975,4
1321484,5
232013,5
775147,5
346771,5
1440295,5
358498,5
270042,4
1365779,5
76253,2
625686,1
70720,5
584041,5
480244,5
408808,5
170001,5
791029,3
30210,3
1693513,3
228782,5
881464,2
438868,1
960996,2
1358900,3
765681,4
1672599,5
442817,4
1275683,5
509181,4
56799,3
1112443,4
912189,4
876048,1
1194245,3
160652,5
608603,2
544133,2
1093450,1
1142461,4
1150888,5
218893,4
205683,4
653125,5
20942,5
688235,5
1272391,3
1157721,2
1611242,5
955999,4
314276,5
487222,4
930700,5
1286512,5
510588,3
245461,5
707251,4
510932,2
1290253,4
1592801,3
529578,3
330346,5
293722,5
998258,5
658935,2
711241,4
984295,5
185394,5
708904,4
1567187,3
1567494,4
1076307,5
19326,5
1548312,3
1312326,5
1154029,2
1125618,4
1059254,5
1402142,5
468858,1
1261009,5
519010,4
672299,5
1570,5
199880,5
1641387,5
327554,5
578689,3
845965,4
1007825,5
545991,4
21142,5
970077,2
1263847,2
1451554,2
1644306,5
67265,1
1169340,5
408132,4
1104623,3
1585910,3
512776,5
640844,3
851457,4
1433353,3
1183414,4
1460985,4
1441944,2
7666,4
592311,2
1224469,5
740777,5
883647,4
117818,5
464970,1
1125954,5
852415,3
481217,5
867886,5
787829,5
577970,5
120589,5
210100,4
80952,5
492528,5
115816,3
224055,3
235515,5
49829,5
667615,5
292070,4
483624,5
489863,4
158242,1
445664,4
802360,5
263858,5
365784,4
43829,3
2171,4
10076,5
1348064,3
561067,4
830989,1
546899,5
457253,5
1563110,4
519627,5
1401733,4
159269,5
678166,4
1239763,4
794147,5
1007056,5
542960,4
429798,5
1349247,5
534934,4
320633,3
644865,4
568561,5
567533,4
113089,5
1314389,3
1238306,5
1366929,5
690244,5
1004861,4
1375136,3
1391932,4
460910,1
1048037,5
1139398,4
1489487,1
301841,3
1677997,4
817949,3
756221,5
494234,5
681506,5
868929,3
944720,5
1260682,3
54622,3
1028198,3
1108564,5
110135,4
1152533,5
100750,5
1657727,5
481277,3
1538464,3
1329685,4
1112393,4
75924,5
925217,3
13375,5
254028,5
1534706,5
691408,5
800634,5
1488681,2
301180,4
1483193,3
763007,4
289092,5
1668973,2
1118127,5
1280790,5
1618347,5
387349,1
672122,4
1180245,4
999374,1
239418,5
875489,3
1533027,4
1680271,3
1414817,5
808561,5
889865,1
943830,1
1034370,3
1247365,2
1048895,5
1453234,5
1664369,5
1604956,5
1616713,3
644998,4
1174322,3
896970,3
117784,5
1322220,4
271172,4
1624090,4
373698,4
206427,3
368310,5
226237,5
1401375,5
1558406,1
569645,4
509132,4
81094,5
1307676,3
426251,5
83510,3
1626312,2
116885,4
1320543,4
31113,4
246495,5
408928,4
966290,5
1121332,5
444301,5
411182,5
297940,4
531150,5
406719,2
185698,5
1130376,5
223876,4
198651,3
271418,5
272281,5
42657,5
83514,4
104723,4
1189550,5
1541783,5
1639641,5
1432941,4
731657,5
1051725,5
599998,5
1509019,5
139483,5
307717,2
659685,4
695824,3
308002,5
1283282,5
923140,5
1466869,1
831783,5
350703,1
865716,1
1625128,5
1094441,5
384132,5
221982,5
496814,5
1147266,5
846568,2
1617517,5
309808,3
629539,5
1662982,5
1045165,5
1107619,4
1463282,5
780260,4
1610320,5
677544,5
1509983,4
172037,5
87959,4
1458638,4
1536073,3
1230494,5
487897,5
423957,3
216480,5
785524,5
1368892,5
1308754,3
1397443,5
343280,5
1092052,5
357592,3
1435741,4
1381763,3
74372,3
706438,5
1207602,4
850138,2
677022,5
835518,5
912885,5
853942,5
1678439,5
1006843,4
100165,5
731966,4
137675,5
340106,3
1591090,4
1492438,5
1145892,5
481870,3
271145,4
634668,4
458314,5
1602157,5
422264,5
864709,5
1667068,5
524331,5
1070931,5
488784,3
812194,4
1189105,4
1405845,3
1620192,3
1475678,4
538170,5
369815,5
1118546,3
621005,5
1417883,4
485762,5
1644866,5
975703,4
1605058,3
642906,5
209664,5
834728,4
880047,5
615924,4
1112410,5
485262,5
225911,5
398178,3
92419,5
821374,5
881090,5
1420796,5
571176,5
82885,5
996624,1
218286,4
611365,4
682476,2
143019,3
467967,2
778518,5
530125,2
974838,5
727074,5
343621,4
8096,5
559647,5
856091,4
874447,3
520683,3
1348704,1
157755,5
149309,3
1042540,5
1004768,5
1593629,4
1384593,5
1548234,3
526818,5
781228,5
446385,5
452601,1
326664,5
549822,4
232040,4
391652,5
1077399,4
1087015,5
1043316,5
563181,5
252595,1
1278466,5
447390,5
829991,3
84766,2
850859,1
245100,1
1471070,5
499324,3
1439559,5
1525458,3
960211,5
418407,5
1226188,4
749603,5
1108098,5
35448,5
80373,5
651434,5
1119402,3
1696281,5
90984,5
1418363,5
604467,5
1673547,2
119036,2
1216636,2
1510274,5
760703,5
685789,3
1522343,5
468738,5
1464947,4
914524,4
745566,5
1431341,5
1490621,3
950706,4
1609960,4
206840,3
1413046,5
5782,5
585053,4
1640652,4
118066,5
144565,5
940626,4
781567,5
786375,3
400002,5
548812,4
370263,4
1349057,5
532102,5
1435462,5
253689,5
650425,5
59631,4
180874,4
219546,5
1637320,5
883004,4
1079579,5
1697018,3
349726,5
1129770,4
1291241,5
712224,5
490838,4
609804,2
1439296,5
277999,5
592447,5
1692479,2
1256904,4
1196425,5
1430395,4
1270704,1
730914,3
136992,5
1480859,5
1128594,5
1398116,5
113833,4
1590932,5
1576585,5
298031,4
1567310,5
1410839,3
266905,5
472441,4
459836,5
791702,4
1228049,1
70575,4
995851,4
1305179,3
21130,5
553064,4
65341,5
133458,5
532181,5
1554412,5
1555596,4
610236,4
593026,1
1304773,5
1414587,3
1018926,5
1148299,4
1100856,5
1572238,5
25127,4
1354789,3
462800,5
2812,5
1246014,2
1173582,5
312909,5
391001,4
19103,1
625032,1
1271765,1
1026779,5
782132,5
882215,5
1638265,5
1276447,5
450513,3
148743,4
896025,5
631319,3
522529,5
395208,3
440529,5
1143863,4
935274,1
1599638,5
388193,5
1315337,5
496211,5
1449169,5
78757,5
424580,1
188654,3
897102,4
1516253,4
357343,5
187288,4
108938,3
990790,4
1651792,5
1282725,1
1343520,5
1381163,1
1560705,4
640842,4
1402166,3
1031322,5
1322937,5
1016404,5
22209,3
1302771,4
328042,3
253084,5
1570782,4
861718,5
57231,5
317049,3
1128811,4
886352,5
199845,3
1648160,1
1097179,5
600569,4
1111919,3
21605,2
731549,4
684336,5
1200445,4
53411,3
472750,5
159580,5
750943,5
1051357,5
1217465,3
93273,5
43999,5
406179,5
197264,4
613856,4
226700,5
1602103,5
1356650,4
361834,5
1282788,5
508675,4
981267,3
1336792,5
421837,4
452671,5
926679,5
32118,4
1500208,3
775129,1
762206,4
1660753,2
1123496,5
1677959,4
1024543,1
1314032,3
931421,4
1486456,5
1671346,5
1642277,5
1370777,5
85745,5
75053,1
755976,4
729573,1
1067271,3
1466718,5
1434589,1
935293,3
504056,5
1645879,4
405841,5
1056206,5
1514283,5
1458204,5
459081,1
911426,1
223197,3
569200,5
408882,3
432079,5
1253976,4
1377169,1
1010983,2
1640793,5
303877,4
1380179,2
868388,4
805838,5
129872,5
582323,5
1093525,2
972316,4
538168,5
886509,2
449714,5
973903,5
302927,4
51789,5
306459,3
826931,5
170568,2
1684253,4
1419381,4
954248,4
383087,5
133786,5
1050628,5
1457757,4
778245,5
1207252,5
1697218,5
528172,1
1621951,5
1641565,4
1121680,1
1359515,5
1591549,5
975930,1
1000451,5
605038,3
122480,5
947956,2
1331900,4
572127,4
475713,4
669428,5
610341,5
118776,5
1608799,1
628832,5
1257805,5
108492,5
1246487,1
780660,4
1063828,4
1259527,5
23126,5
288281,4
799194,1
410755,2
1278906,5
1489762,4
918222,5
1440036,5
879816,5
1100363,5
1480663,1
1198042,5
1552282,4
948503,5
581679,2
309576,5
1297610,3
606908,1
111068,5
1379838,5
882371,5
1679512,5
1325032,5
2895,3
1074337,3
683001,4
1155219,4
1007123,4
16079,5
862873,3
1683608,3
744480,2
325171,5
1091105,5
734311,5
1574536,3
343863,3
122785,3
843195,5
999318,1
1188775,5
659538,5
218730,4
1526576,5
1061531,3
555122,2
1455567,2
1615581,5
525740,3
587919,3
1072412,5
1574420,3
1310989,3
1485818,2
1170471,5
1402923,1
1674697,5
398261,5
1312828,3
787151,5
274750,5
1376854,4
1150123,5
332181,5
137304,5
1384748,4
1427872,4
1016886,5
907009,1
381011,5
410893,5
1464071,2
1045677,5
836318,2
100096,5
162093,2
880836,5
1651934,4
567097,5
1266424,4
1341698,1
624232,5
47233,5
626028,5
689928,4
1529777,5
1043747,4
84918,4
133260,5
1242329,5
1659684,3
1163399,1
1493205,3
1411522,5
1342346,1
513761,5
1684321,4
291991,3
1108944,2
1691081,3
867378,4
1202370,5
148253,5
1339764,4
970117,5
134711,5
513537,1
434893,5
648094,3
1116020,4
1184475,3
1500222,5
666464,5
722512,5
601542,5
1400437,5
1438215,1
926635,5
295866,5
917742,4
773083,5
873188,5
1064991,4
1516930,4
100301,5
1570941,5
908803,5
556132,5
1022185,3
304020,3
1595962,4
1113274,5
16407,4
1457105,5
1098736,3
352533,4
1420855,5
1258828,2
15973,5
716670,5
27701,5
30415,4
295085,4
136596,5
1331841,1
97418,5
551146,4
747726,5
1409096,5
525098,3
1388399,3
555113,4
47988,5
592760,3
913704,4
1141757,4
855997,5
1562693,5
1210615,5
1297873,5
30445,4
220031,5
36907,5
815799,5
944590,3
1266863,5
752678,5
121166,3
301661,5
415929,3
902027,5
637183,4
497474,1
1015218,5
768775,5
163734,5
306198,4
675392,5
388283,4
1012870,2
1513556,5
209460,5
723281,2
265511,4
1024503,2
384619,4
1545591,5
122301,5
1423543,2
150209,5
1070975,5
690564,5
43336,5
668012,5
24002,4
1491488,5
261589,5
581560,3
1541920,1
774630,4
223468,3
1649768,5
1526444,2
1453031,5
1341280,4
823102,5
197113,4
749810,5
1350798,5
518961,1
725908,4
945119,4
313016,5
1206157,5
282433,5
852544,4
112305,5
1689789,2
1445066,5
655095,3
1679135,1
1067034,4
322497,5
1694814,5
1117557,4
768910,4
202462,5
1365580,5
240440,5
1165602,4
1417698,5
1110446,1
1527247,2
531177,1
1430585,4
622690,4
295974,5
1554880,4
940347,4
1066343,4
77392,4
1191655,5
148322,5
1061642,4
725268,5
85737,5
1416357,4
670219,4
1513609,4
157906,5
500151,5
1086166,5
1003175,5
1455699,5
1436744,4
548824,5
14133,5
401501,4
147508,5
896157,5
1686859,1
380679,4
586026,5
990127,5
204151,5
1339712,5
160271,5
351209,4
1342527,4
1182659,5
540724,5
239239,4
173574,5
1334885,4
138689,4
926574,4
1478388,1
803800,4
1220129,4
1547866,1
502447,5
1219518,5
284649,5
985962,2
438053,5
955313,4
330703,4
571529,4
604057,3
1301396,1
1647513,4
1424977,5
1145445,2
1391768,5
4389,5
219225,5
100082,5
950813,5
706266,1
1674675,5
127760,5
1456029,5
1269409,2
615741,3
1083647,5
820702,3
1015478,5
910169,1
1221467,4
1306368,3
649937,3
742064,3
1377626,4
1391376,4
166505,4
1103353,3
37046,5
410807,4
1200027,5
1359631,5
145737,5
791801,5
733633,5
74128,2
799842,1
1388801,3
798305,5
326490,2
1093605,5
750173,4
1266900,5
1674631,5
739437,5
739104,4
1203137,5
1458944,5
1063464,5
1309184,5
958842,1
7357,4
316156,4
916441,5
1086429,5
15711,5
1209923,5
1416362,4
1669411,4
1240727,5
1481516,5
164042,4
422457,5
30956,5
309251,5
1229831,4
832937,5
1431600,4
1024514,3
534920,5
363996,5
841594,3
1390371,1
1065111,5
75578,3
263516,1
772948,4
579998,5
1540982,1
850400,5
1269859,1
1116599,5
102422,5
355484,4
38333,1
1305080,1
1674891,5
1131665,5
544331,4
92924,5
740169,4
490391,2
351265,5
468866,1
1450491,5
1048031,5
1684348,4
1179569,5
1660175,3
1626614,4
963618,4
1222540,5
1521706,4
1651274,5
268011,5
399761,5
1120779,4
1677748,4
1597241,1
1445849,5
117526,5
745435,3
473244,3
1097106,5
227824,5
931298,5
1514990,5
820286,3
1666273,5
10358,5
1128289,4
110908,4
1341990,5
1668438,4
896994,1
503547,5
1139649,5
154011,5
16882,5
1533386,1
42396,4
1066904,1
1561101,3
1124578,5
1571081,3
1610594,5
1057067,2
1250722,5
1617127,4
1660940,3
1265056,5
474039,5
1345315,5
1256053,4
1164345,5
1443734,5
617390,4
1606861,5
1231530,4
444610,5
1450879,5
135701,5
902038,5
620230,4
1078892,2
1582900,5
325150,5
988543,5
257170,5
1689421,3
267480,5
32838,5
1203674,1
1679625,1
1509871,5
1627578,3
358145,4
1660697,2
196155,2
1531478,1
672477,5
826455,1
1306107,5
603467,3
122734,5
286,1
1046487,5
221323,5
1449458,5
554228,3
1369539,5
689100,4
1143373,3
356417,5
1684081,4
1485269,5
732227,5
296525,4
1599506,4
536378,3
476809,4
1355571,5
344795,5
1437141,3
1231754,5
1129339,1
1391889,2
1328167,4
989920,4
626664,4
1621414,5
1412407,5
1280755,4
1609360,3
945548,5
1239011,4
1617065,5
1668587,4
461985,3
112683,5
1351296,5
91308,5
1016916,4
1060638,4
617919,5
293730,5
1253136,4
965039,5
189803,3
1575921,2
428870,4
1256392,5
1227516,5
61364,5
1293411,3
351700,3
1398069,5
1126801,4
377322,1
125207,5
193181,5
471811,5
910120,5
1471339,5
744244,3
615164,3
74233,5
168334,5
337239,5
569625,1
676550,5
613255,4
629024,3
801269,3
337544,5
810032,3
295733,5
1031481,5
411949,4
267507,4
847857,5
231158,5
1116612,5
1222667,5
897873,4
1200550,2
833231,5
1507429,5
506789,5
1039783,1
32946,4
1292150,5
474296,3
301443,4
1116477,5
884937,5
1415866,5
1550940,4
227558,5
408225,5
471404,5
618939,5
914885,5
272505,5
1138488,4
1272090,5
1299253,5
838162,5
676080,2
1372933,4
1501989,5
595224,5
962434,5
1425111,5
694386,3
471035,5
202371,3
1638600,5
99126,4
84991,5
91152,5
522805,5
1216983,3
403537,4
1260251,4
1504993,5
418810,5
804044,4
210691,4
114335,5
700476,5
857681,1
879398,3
1407958,4
1235890,5
1006606,5
886004,1
866871,5
831361,5
839621,4
154369,2
162858,5
106771,5
225467,5
665407,4
695503,5
164599,5
474868,1
172313,3
1659732,2
1398661,2
445449,4
875284,5
832683,4
1508071,5
37274,5
256149,3
1132131,5
994785,4
399189,5
1677441,4
408012,4
828228,4
1293573,1
307250,5
646835,3
55526,2
213034,2
1496334,5
1146770,1
889958,5
864008,3
548852,5
1184645,1
1614615,3
474209,4
853782,5
114000,3
545705,5
1383145,5
1269653,1
267092,5
1103280,5
283918,5
15878,4
783090,3
444919,5
1170651,5
377597,4
1471659,1
861163,4
522903,1
306914,5
484361,3
16982,5
319660,5
744855,5
1213022,3
769997,4
1123863,3
349696,5
1016622,4
721540,4
96441,5
218009,1
254853,3
1331677,5
454079,4
726680,4
1436443,3
710025,4
475778,2
156727,3
898795,5
960896,3
779454,4
549725,5
1670467,5
1072003,4
31074,3
1553342,5
944537,2
293143,4
718135,3
805289,5
1079221,1
541053,2
1633038,3
875685,5
1321756,3
127686,5
186542,5
458313,5
1359388,5
1036516,4
1506640,5
1409668,5
379057,5
802133,5
1461053,3
886152,5
1356649,4
358172,5
306576,4
516583,3
473131,5
600197,5
873470,3
983250,3
388829,5
867623,3
1643925,5
1485584,5
929931,1
1322948,5
1442277,4
1137625,4
740617,5
462282,4
971493,5
384790,5
1381586,5
833428,5
233534,5
218634,4
1351149,5
315600,5
1670486,5
810741,3
1420469,5
821635,5
375268,3
678751,5
106505,5
455584,4
1359739,5
1129591,1
169447,5
1239161,2
1010108,3
1402012,3
913724,5
884619,2
1682822,4
1505699,5
842735,5
1350616,5
867148,4
1008745,4
1289982,4
906716,5
1479093,2
301759,4
1125880,4
1422037,5
1079886,5
303494,5
1051284,1
1520734,5
1645397,4
1514830,4
162685,5
1326131,3
771017,5
1214580,3
1276659,5
268461,4
354971,1
730125,4
1532603,5
886758,4
906134,3
679987,3
751883,5
266149,3
873189,5
1652523,5
966908,5
1236498,5
365582,3
656041,5
697452,5
429984,4
1649214,5
212212,4
1279544,4
100045,5
507895,3
1556056,1
1200809,5
814927,5
60732,5
1187859,4
1207308,5
436900,4
839178,2
1461696,5
869448,5
1521372,5
154932,5
1129842,2
1447584,5
765265,2
1664320,5
1476657,5
1455435,5
1041970,4
270906,4
1648877,4
1387376,5
1667346,5
1316641,1
1587134,3
858411,4
907548,3
715052,5
318022,1
896421,2
915828,4
482147,2
374581,5
819518,3
392349,5
165673,2
1534827,4
830998,3
1223030,4
413517,5
864422,5
128926,5
539443,5
1148932,4
599885,4
928336,5
960337,4
1312771,5
806926,3
912984,5
1161089,4
1172506,3
84175,5
1401813,5
1208726,5
346434,5
291941,5
734560,1
545870,5
1163799,5
1043717,5
530909,5
659240,5
2660,2
1037908,4
242497,1
824617,5
1009617,5
586570,3
606832,5
1177856,3
1696661,4
1088270,5
667493,5
378279,3
724433,3
124272,5
1193026,3
1428304,4
1295440,5
125844,5
508041,5
492848,5
860383,1
78779,4
1143718,3
851354,4
1420054,4
1189338,5
359771,5
1323151,4
561914,4
1439188,5
377416,3
635420,5
398911,4
789015,1
425210,5
520543,5
749566,5
463614,4
1132803,5
552542,5
891445,4
557351,5
1199301,4
511750,5
540513,2
1681620,3
1456042,5
238206,5
104155,5
124836,5
907331,4
270232,3
1663877,1
619674,5
887271,5
759210,5
420211,4
1120328,3
1310358,1
977314,4
344916,5
574048,5
1214168,5
491627,5
1436601,5
1060303,5
1357287,3
1369319,5
1217122,1
1440339,5
1653364,5
817729,5
1138894,5
792957,3
1335256,1
517368,5
298136,2
1082002,4
1342602,1
1637544,5
540554,2
1080399,5
859356,4
1002074,4
762455,4
836283,2
1287594,2
1268420,5
48253,4
117729,5
1413685,1
500466,2
1222685,5
1333373,5
1211226,3
1357566,5
749500,5
1102999,1
1563788,5
1240881,5
955568,4
311642,5
834463,4
1608949,1
609315,5
316483,5
1683000,1
1476271,2
405827,4
519981,5
659860,4
990766,4
1315892,3
931681,3
1415550,4
1005733,4
803689,4
817244,3
965056,5
535024,5
28990,1
673488,4
172498,5
329011,5
1158680,1
1380611,2
799126,3
1601334,1
131188,3
1292813,5
273385,4
566599,4
1418144,3
589622,3
1416879,5
607261,3
397060,3
1332299,5
1339952,5
1322825,5
1208328,3
1692993,4
703402,3
1503255,4
287991,5
1647624,4
671833,2
1305948,5
150424,4
1003623,4
462620,5
534502,5
179897,1
1253798,4
1417219,3
1091922,5
745098,5
910628,4
1520974,5
770586,5
893979,4
899545,4
99654,5
888255,3
1140462,4
259905,2
23587,5
948145,3
191324,4
1327775,5
1184209,3
1615221,5
133558,5
1388238,5
565858,4
1462008,3
1118525,4
1474503,3
744251,4
1062845,4
1490473,4
895377,1
1550997,1
98567,2
689817,4
684944,5
179208,5
1222658,3
1156118,5
408056,5
736363,5
952537,4
573812,5
1019275,5
928387,3
832209,5
786513,2
91611,5
119080,4
78341,5
1109864,5
860914,2
1659225,2
287516,5
1296116,5
1375810,5
1354081,5
1505107,5
107621,5
315036,4
1118340,5
680809,4
36887,5
982578,5
226959,5
113978,5
653532,5
576814,5
1341400,1
703954,1
1068062,5
97703,2
700101,5
979600,5
950880,5
214971,4
1589632,5
558287,3
1520852,5
389681,2
919941,3
153468,5
707314,5
109847,3
816119,5
1289839,2
1094476,4
1317611,5
1178461,1
1543681,5
139625,5
465966,2
8130,5
915854,5
526687,1
1558766,4
1121015,5
1280677,1
1333104,5
488701,4
149903,1
835640,5
515925,5
481153,3
443438,5
1660698,1
1024180,4
1330364,3
645206,4
1304629,5
1144729,5
1207616,4
1681506,4
894129,5
978795,5
1633925,3
1480558,2
153320,4
280784,5
598111,4
1588551,4
925452,4
1066394,5
217030,5
352041,5
276566,4
1681272,3
144750,5
1499703,4
1381027,2
793336,4
1356083,5
765428,5
841117,4
690967,5
753993,3
1652524,5
355022,4
1648483,1
1242440,5
9145,5
803604,2
825025,4
1291931,4
1331847,3
1207056,5
459312,5
523374,2
255784,4
39159,4
529728,5
933455,4
569479,4
48813,3
1490440,5
598847,5
1035116,5
1634706,5
329192,5
1383834,4
721278,4
32562,5
1363112,4
1163185,4
637558,4
47956,4
1657318,4
1185000,3
367463,4
1104573,2
1060827,5
856539,5
688334,2
787903,5
1365449,4
182695,5
1611511,4
202349,3
1607796,5
789266,2
833044,5
1400844,3
401570,5
653755,5
1564168,3
1123133,5
707725,4
1034934,5
1027528,5
830109,4
1566406,5
1383273,5
353902,2
784565,5
854812,5
927079,5
714356,4
514213,4
1686194,5
1064255,5
889404,5
1011035,5
1486742,3
667928,5
83,5
1209102,5
1098689,3
772266,4
477449,1
470740,5
904415,1
187833,4
1556062,5
648220,1
1241701,5
221749,5
1373799,5
256539,5
634312,5
1040540,5
333167,5
1153228,3
1647684,4
1646135,5
1452327,5
555147,5
968078,5
926980,4
291655,4
894314,5
606411,4
1333076,4
1169889,3
603330,5
736587,5
1684444,1
1162631,4
927737,4
1228995,2
1134550,5
382217,4
1453596,3
367654,4
118107,4
51534,3
115752,5
21095,5
1162512,5
1683579,4
1413515,5
419806,1
109765,3
1303258,5
1667463,5
661381,4
1129888,4
790474,5
1251254,4
1040461,2
705606,1
1333973,3
1377529,5
45833,5
94115,2
318734,3
686606,5
958803,1
1373060,4
876397,5
1088876,5
78286,1
975573,5
1134912,3
405378,5
840083,1
717098,4
1617286,3
1610144,5
185307,3
23830,5
1478153,5
43356,5
1220838,4
609579,2
387067,5
96638,5
1327082,4
161204,5
961715,5
384069,5
1542130,2
1252098,5
121712,5
279481,4
1319724,5
1009742,1
1051623,5
478063,4
1674478,4
1044194,5
1091801,5
699036,1
1458382,4
552076,4
393321,3
105699,5
1074946,5
421050,5
249493,4
156082,5
407743,4
1412826,4
628012,2
1220467,5
803429,4
227127,5
254754,2
316027,2
1322470,5
662666,5
913785,2
651798,1
736291,5
1642132,1
1337728,5
1011236,5
282729,4
1687582,5
1307044,1
275608,3
780719,3
867633,4
452189,5
1366276,5
1075853,5
35973,4
60285,5
1050500,5
1197424,5
1667757,4
1562888,5
1314086,3
1462634,5
1484552,5
529679,5
744136,5
827797,4
322651,4
754243,5
1036,5
802506,5
1108777,5
189420,5
342525,4
342784,4
1234287,5
941110,4
811751,1
637481,4
1180501,4
1539267,4
1359348,1
394802,5
1156644,5
30376,5
584057,5
36758,5
93651,5
439381,5
888453,5
396633,5
1516861,3
1026184,4
1565178,5
1112248,5
1565408,4
66626,4
1217419,5
986779,4
1566343,5
1610097,5
111601,5
1589499,4
879462,4
142564,5
571366,5
1142334,4
1344817,5
69909,4
308001,5
988336,4
453435,5
147616,4
1425309,5
1446677,5
678019,5
3747,5
1112546,5
975011,5
1567304,5
660909,5
948071,5
1214674,1
1342112,4
1363571,5
100858,1
926519,1
416589,4
1615230,5
687253,4
385618,5
54552,3
693222,2
667742,5
256810,5
1236854,3
361128,3
86308,5
110727,4
558771,3
1187693,5
257547,5
219850,3
1074733,5
1305684,2
23539,5
901368,4
253212,4
1375222,4
125030,5
1575237,5
1118033,5
1030892,4
1340172,5
74961,4
834480,5
1354922,5
977747,5
1137,3
403073,5
1095891,5
1506655,1
1437454,2
1578111,4
1604390,5
1613911,5
1110505,4
1277276,3
365851,5
482864,3
666302,5
635716,5
140467,5
1096670,4
1064956,5
1496462,4
1406825,5
243172,5
1398623,4
1124750,5
840513,4
832162,5
413893,2
1319253,3
1281671,5
23490,1
1553498,3
1684400,3
1064462,1
612291,5
330223,4
914506,5
833395,5
379765,3
1241725,4
397169,5
1617790,5
900038,4
962269,4
1637277,5
262846,4
646947,3
199381,5
1544609,4
729969,5
1154738,5
328439,5
1632470,3
1179663,5
1409759,5
1443926,2
1265601,1
1547391,5
1629789,1
1087793,5
1151432,5
1421027,4
1215050,2
810769,5
889960,5
1545981,5
1005463,1
1608340,4
164382,5
1613368,1
89801,5
1192499,5
592472,4
314917,5
1165456,1
94268,1
1598375,5
1631249,3
1520873,5
1492405,4
1448835,4
1425028,5
893231,2
275698,3
155968,4
1278031,3
1357603,5
935652,5
1560734,3
759657,5
1353455,5
443588,5
1573207,3
817129,5
1010817,1
1525701,5
265832,5
1690239,1
902617,5
936827,5
370602,5
1080753,5
936178,2
1399398,5
580052,5
293548,1
172421,2
556124,2
1218235,4
811876,2
128943,4
428514,5
861326,3
1505250,3
1015707,4
918029,5
759118,5
358953,5
1103692,5
1099945,5
374811,4
1530485,1
1435604,5
53955,5
939739,1
14604,4
537879,5
183668,5
1453977,5
254630,5
1042203,2
1498586,5
722913,1
8764,5
758673,4
371588,4
1599401,4
820545,5
1117631,4
94817,5
1400462,4
104878,5
1103396,5
437967,3
1426581,1
487256,5
1128304,5
25377,5
32766,5
834953,5
519822,5
685288,1
833900,5
408148,5
1022925,4
399412,5
1388388,4
1041788,4
445252,5
1527639,4
520189,5
581091,4
805779,5
1232373,5
229713,5
962104,2
1025481,4
1321011,5
294021,5
127994,5
693231,5
718941,3
1511306,5
725174,5
1555211,3
351543,3
1195949,2
119633,4
959259,2
216789,5
629411,5
33103,4
667864,4
560412,5
1154295,4
1382077,5
295991,4
1347128,5
307395,4
1528556,4
959759,5
1585675,3
528082,5
194523,5
199651,4
618727,4
69226,5
1202626,4
883986,5
844585,2
1444561,5
423031,4
1182969,4
1022211,4
1224050,1
1646392,5
1683556,5
1098925,2
916128,5
756410,5
679516,4
852079,2
168106,5
292095,5
1021991,4
1606469,3
91601,4
1332830,3
62067,4
11168,5
193879,5
469052,5
1388037,1
884339,5
797716,5
1539483,5
758858,5
668331,4
529680,2
1521994,5
1497860,2
584975,3
698098,4
398522,4
285283,5
1068840,5
1623876,4
1111725,5
1206823,4
1579722,3
1118825,3
56867,4
533714,5
958020,5
301762,4
863735,5
991576,5
1546907,3
657567,3
570494,5
579094,4
1559223,5
57168,5
1213112,5
770523,5
853636,5
495999,4
145220,3
1471069,5
681223,5
740184,4
901909,4
1446835,4
106199,2
499733,1
675716,5
1265471,3
508524,3
1139902,5
670919,5
1372167,5
554975,1
1165594,5
221149,5
308610,5
1493999,5
1074033,5
1191877,3
366730,5
928996,2
286782,5
446310,4
1661076,4
580929,4
105754,1
376750,2
279173,5
895889,1
1604379,4
242829,5
562460,5
1103742,5
91640,4
1198093,4
707738,5
72965,5
267962,3
592203,5
1026930,3
854653,5
1109570,5
1027447,5
282460,5
333439,5
584835,5
624022,4
654379,5
1610646,5
374410,5
799821,3
1003732,5
652530,2
1381770,4
61217,5
158960,4
1693969,5
131545,5
175885,3
1684255,4
397731,2
972596,4
1479484,2
859744,5
1241107,5
503095,5
1160249,4
595337,5
1393684,4
1432507,5
1516210,3
953158,5
798762,5
1071855,4
69158,5
1091162,5
1605894,5
1609235,5
1486708,4
29854,2
93080,5
169921,5
1183209,5
211376,5
487206,2
745796,5
315667,4
200580,5
1455598,5
384853,1
244314,3
1689709,5
1656707,4
1196856,4
1289821,5
211326,3
1509129,5
249812,5
1143930,5
1661145,5
1679629,5
670627,5
633635,4
660134,4
597470,5
1386849,5
1502970,5
96263,5
202149,4
602913,5
1519835,5
333803,5
1487381,5
696491,5
1293452,3
1235188,2
1517758,1
667537,2
909364,5
685995,4
704733,3
139541,3
791224,1
549442,3
1301074,2
407499,4
234119,5
769859,5
729797,3
498075,5
231688,5
1539237,5
434229,5
1595713,5
1184874,4
550133,5
4133,5
491578,5
1518135,5
389154,2
1284192,4
909020,5
1562182,4
555046,2
479826,5
247702,4
1640739,1
1412305,5
252265,4
1551734,2
726143,4
665062,5
441835,3
1051443,5
471918,3
1612692,5
216681,3
293650,5
793308,5
660563,3
1551966,5
1576506,3
368317,5
117895,5
449834,5
836408,5
1230866,5
508705,1
1504136,4
1631992,4
1559904,2
439162,2
1695709,4
1291455,5
1132067,4
297662,5
1274057,1
309554,5
1570235,5
791937,4
1014356,4
401383,5
813928,5
591522,5
910394,2
700320,4
430651,4
800428,2
1607650,5
1604294,4
1231659,5
1125493,4
1474693,5
374363,5
1225589,5
991523,5
1258087,5
1037499,3
1292048,5
795098,1
685933,5
1016327,5
883961,5
811776,5
1572235,3
1497074,3
611074,3
1425457,5
316647,5
922614,4
1250885,5
462954,3
1267018,3
297967,5
40590,5
174681,4
219758,4
1134925,3
1660725,5
215488,3
966168,5
366274,3
347370,3
136799,5
328055,5
1378620,3
1489806,4
607124,5
1333142,5
1679346,4
708556,4
1366543,2
1245320,5
1676777,4
1004400,4
752410,4
24364,5
372671,5
1581984,5
763979,4
1272232,5
974423,3
1489294,5
1096911,3
1394466,5
277357,4
1589623,3
1062548,3
186035,5
1294482,3
270164,4
930642,5
1137315,5
1180329,5
988200,5
1439396,4
1311497,5
1475433,5
663502,5
43311,3
504582,3
658813,4
452259,5
1415129,3
112882,5
1168361,4
124469,5
1234368,5
1152882,5
656564,5
399914,5
1340080,5
682535,3
239030,5
513500,5
479307,5
323838,5
1350487,3
1696562,4
752529,5
1431702,5
1026842,5
1066124,5
1380155,5
735689,4
441391,5
814621,5
695163,5
325846,5
951696,5
1679181,4
1564533,2
960398,2
256614,5
1560423,5
118450,4
959876,5
614734,1
7025,2
1653590,3
920227,5
1547019,5
358524,5
1553659,5
362825,5
626333,2
722841,2
306738,5
565681,5
1283700,5
308537,5
206833,4
19862,5
92605,5
347047,3
1375879,5
855221,5
808553,4
1679584,3
608838,3
1397900,5
905326,5
1071937,3
1372783,5
1105374,2
539442,5
987359,3
1318329,5
850539,3
98544,2
1237820,5
449865,5
1359247,1
1314133,4
649881,1
1073378,3
1580726,3
640679,4
87437,4
375285,4
1579826,4
912753,3
1525322,4
336405,5
1468962,5
319122,5
1479505,3
1272106,4
731510,4
1486739,5
1158630,2
1418222,5
1329111,3
1035596,5
549211,5
1168168,1
1279198,5
1381939,4
246582,5
1026030,5
564909,5
679490,5
869272,5
602740,4
577097,2
1354223,2
400387,5
1255458,1
1189959,5
849070,5
421244,5
1005460,5
228213,5
1157454,5
268929,1
381506,5
967965,5
209015,5
1086455,1
929167,5
558377,3
494051,2
213800,5
120159,2
1086111,5
1188204,5
859714,5
1547237,1
118150,5
986405,3
750667,4
581244,4
874073,4
651883,4
789290,4
928729,3
843750,5
1064640,5
929826,5
170498,2
992800,5
305223,5
1453341,5
32049,5
909104,5
1287917,5
1095618,5
1635966,5
1395469,3
319632,3
255256,5
572012,3
1070363,1
15864,4
82308,5
77227,1
1164616,5
1450617,3
1334224,4
1589079,3
827545,4
441280,5
116963,5
1144284,4
1276844,5
715127,5
169988,5
1274933,5
1187596,4
826891,3
1537499,4
1036121,5
393250,3
26549,5
179911,5
491126,5
1662620,5
250988,3
439913,4
99368,5
895755,4
699546,5
816276,4
735340,1
1488379,3
528139,4
426664,5
393577,4
1304626,4
435982,2
818504,5
749674,5
193547,5
1519648,2
276394,4
394209,5
595564,4
1109419,3
1165431,5
604419,1
1103875,3
83684,4
308360,4
7729,5
1447192,5
839708,3
97167,5
652112,5
815880,5
1303834,5
1572999,4
974615,3
87575,5
1223330,1
1089903,5
475085,5
538585,5
1449282,2
443978,4
1258172,5
1615881,5
570904,5
525403,5
567227,4
987095,3
828473,3
776299,2
794468,5
1526323,5
1015503,5
599308,5
50378,5
186852,5
842836,5
1599822,4
1275374,5
446832,5
452473,3
930003,3
802776,5
1512631,5
750355,4
894743,3
1354198,3
985060,5
745142,5
1061355,4
198164,5
1612844,5
1214850,4
256595,5
619606,5
532776,4
900565,4
1616518,5
1386238,4
1551108,3
351800,5
41681,5
997243,1
245085,2
665275,5
70269,5
1323483,5
32152,3
885214,4
565175,3
94395,4
1659068,5
145081,3
1631589,4
818135,5
1244192,4
840745,5
1508832,5
1398585,4
807602,4
155620,4
731442,4
1618140,5
918081,5
1515585,2
389200,5
1631100,5
94470,5
269911,5
76937,3
1559941,2
302667,5
735280,1
502168,5
974201,2
57997,5
447415,4
1190965,5
819483,4
636905,4
961144,5
1507939,5
1267862,5
277196,5
1343511,4
1124555,3
465467,3
687487,1
302145,4
1684415,5
1332927,5
1010674,4
818488,5
1666344,5
914150,1
905594,5
1658002,5
737028,5
1111180,5
680505,4
1119304,4
474023,1
1537001,5
405442,5
1654503,5
394781,4
1414202,2
319177,4
1350807,5
816001,4
250278,4
1677824,4
634347,5
1404936,3
500379,4
1150731,5
701414,3
1580412,4
404065,3
200396,3
1214723,5
1523717,4
66832,3
835545,1
849615,5
1028285,5
232941,5
484466,2
1441619,5
249282,5
455518,4
358851,5
1520700,5
440286,5
1603593,5
1001578,5
692792,2
26531,2
1090334,5
302311,5
856431,5
790647,4
1118579,3
911690,1
828972,3
1360945,5
685922,3
1231375,4
883473,5
1071204,5
1002553,5
651873,3
908012,3
453523,5
1306038,1
924835,5
137731,5
248083,4
234828,4
1385203,2
75697,4
305567,4
853508,3
40557,5
1572704,5
1552889,5
1610732,5
1483605,4
1693774,5
1275947,5
722254,4
159234,5
1163822,5
951176,5
848151,4
1187022,2
988417,5
1595532,3
301945,4
709815,5
689977,4
967003,5
299885,3
1453982,5
956953,5
884188,1
434868,5
910108,5
204238,4
845123,5
503998,4
1438309,5
1437973,4
1194655,5
910968,4
732515,2
357088,5
1326720,5
1313233,5
217101,5
1299739,5
1145958,5
1537105,4
784621,4
742566,4
412023,4
1297678,5
1693585,3
57859,1
207594,4
214138,5
1187711,4
1632017,4
1087067,4
676315,5
117236,5
644557,4
1491941,5
635762,4
1481702,4
1456128,4
514363,4
85160,5
700766,4
1012411,5
694340,3
1291894,2
605630,5
383474,5
85052,1
245014,5
1459303,4
916604,1
570862,2
1043570,4
174015,4
1626542,4
438616,4
443694,5
565989,5
1245188,5
507410,5
1332904,2
888898,5
132192,4
1282921,5
1091955,4
1681019,2
1338239,5
1556405,5
259907,5
582090,5
1173328,5
978918,3
1107954,5
1140662,4
347104,5
516805,5
972229,5
1230768,5
562038,4
268343,4
68561,5
904532,4
1685440,3
157102,4
56803,2
1023130,1
1234691,1
530336,5
131361,5
1569538,4
98922,3
306808,5
896443,5
414253,4
229083,5
642209,3
924587,3
832458,4
134212,5
1330534,5
183818,2
168670,1
710936,5
728969,3
1282899,5
238317,3
1401097,3
1319545,1
687782,4
1354071,5
447549,4
51979,4
1133377,5
810372,2
865270,5
759638,3
1541723,5
141919,5
479964,5
600792,4
1532927,4
1174030,5
1442166,5
1188928,5
1482283,4
105163,5
724686,2
77181,5
1372300,4
441306,3
491412,5
1537884,2
493789,5
1343630,5
837158,2
409209,5
1225901,5
968848,5
621484,1
516938,4
1399307,1
799179,5
885442,2
95237,5
630254,1
853910,5
1361591,5
1131680,5
44421,5
208499,5
46369,5
1252278,5
998197,5
1569649,5
667484,4
1105796,5
1550013,1
47456,5
1029009,2
940934,4
758880,4
74484,4
1641781,4
1021256,5
1308275,5
990318,4
1015145,5
1685614,1
1376105,5
1194946,5
1127313,5
910368,1
742229,5
1120993,1
1166356,4
865919,5
1128895,5
732269,4
1380092,2
1129939,5
954260,4
83176,5
975315,4
653823,5
1068943,4
1080670,5
1274841,5
759483,5
691545,5
1401801,3
473415,5
1640392,5
299623,3
909119,4
918982,5
536548,5
473418,4
1068758,5
691111,3
344887,4
1528107,1
571511,5
1481903,4
789135,5
1518283,5
1181843,5
1507076,5
1436189,5
16383,4
853383,5
1629338,5
1044413,4
650589,4
672157,5
454691,4
895732,4
1098624,4
377074,5
1210691,5
1293263,4
640977,5
774475,5
1067129,5
962687,5
1637128,3
202070,5
516771,5
1082881,5
770142,5
266322,5
627153,4
1530297,4
789188,4
555492,1
1489048,4
406987,4
1018827,5
1119429,5
1083769,5
452822,5
133819,5
394442,3
62137,5
1436540,2
1601449,5
624565,4
1053673,5
1134122,5
699508,4
1577322,3
36225,3
21577,5
1677709,3
1534597,5
277341,5
1594874,5
1507628,5
1576021,5
168900,4
998915,3
1146352,5
34875,5
1133951,5
564695,5
346290,5
1630926,2
1033397,4
969593,5
1240012,4
582170,4
1580702,4
329414,4
407962,4
124751,3
1344558,3
843291,5
427798,2
1541292,4
579627,5
884326,1
57312,5
737196,5
742419,4
1485348,5
237744,5
188446,5
587152,4
298724,2
1004479,5
735672,5
320156,5
31277,2
1472246,5
1398335,3
1221630,5
1048554,5
234149,5
1570977,3
1365194,5
458515,4
1583278,5
1486100,4
1261863,4
1498987,5
1137048,5
741013,4
109001,5
1335589,5
308409,5
1481922,5
1049858,5
1128333,1
403063,5
1049768,5
1094432,5
699673,5
241963,5
1417509,3
609860,3
216506,1
349214,3
878383,5
922619,5
742520,4
799764,1
737970,5
5866,5
1042026,5
1007661,3
649833,5
780471,3
1049763,5
1285377,5
799704,4
1025597,5
705687,4
1688039,4
353828,2
1641323,5
701741,3
1017114,5
1399384,4
1498452,5
493957,4
400611,5
413784,5
1554269,5
683184,5
745269,5
1010689,3
569078,5
817560,5
1323846,3
565803,5
803392,5
679172,5
1410490,5
1659474,5
336278,5
854344,4
146354,3
1502562,4
193154,5
852818,4
817856,4
1395872,5
1026759,4
1260852,4
1507875,5
1041675,5
301083,5
980688,4
476429,3
1013462,4
1224327,4
370603,5
928293,4
1210039,4
673459,3
751348,1
200412,5
628234,4
1263221,3
1382004,5
586502,1
1282091,2
588404,5
105069,5
1160744,1
597969,3
90223,1
374142,4
1049846,5
891153,5
558279,5
472265,5
662904,5
1090489,3
1181579,3
522293,2
1687894,5
258612,1
1431257,5
1488368,4
1176792,4
1234660,4
1250324,1
989956,5
793007,2
177532,5
487802,5
1360731,5
1106828,4
637472,3
219484,5
633581,1
486356,5
1373784,3
1167282,5
340280,5
750289,2
1321670,3
923282,2
1372053,1
1351262,4
471061,5
1545763,1
474816,5
421682,1
1205979,4
38748,5
283727,4
319749,5
725433,3
635891,1
1553835,5
433812,5
414583,1
224090,5
131033,5
756961,5
1597335,1
942882,4
500584,5
987662,4
437060,5
913158,5
48582,5
188680,5
239856,3
1610974,3
331907,3
1062935,3
1008375,1
547254,5
241694,5
606561,5
1491763,5
1215745,4
1007747,4
131866,5
138499,4
1565210,4
896410,5
1379797,5
1202474,5
1290302,5
625805,4
1069439,1
905410,5
661169,3
302671,4
463402,5
51485,3
517968,5
542621,4
1408502,5
342494,5
890636,5
1564233,5
367232,5
1049417,4
289130,5
326319,3
319831,5
896196,1
981360,5
825753,5
963922,3
854123,5
1037010,5
1428122,4
107277,3
619394,5
1633164,1
1593346,5
857930,4
625585,5
31485,4
802156,1
1672513,5
818265,3
1209316,5
436102,5
1075290,4
1177446,3
536187,1
710196,5
1217825,5
1622903,5
129494,3
588648,5
1476582,4
175943,5
243686,5
1307836,4
416792,4
707348,5
154836,2
943149,5
991237,5
572160,5
1629095,3
1601332,1
294662,5
592336,5
1032379,5
1645600,5
1042172,2
728871,5
1508065,3
506784,3
179571,5
1127770,5
931341,4
26267,4
730087,4
1684284,4
614593,5
68387,5
866702,5
709488,5
169500,5
1590488,3
1505552,4
1142468,5
1238896,5
1351628,5
364715,3
1515167,5
1251280,3
58752,5
220103,4
1429494,5
1214854,4
583374,5
856098,3
1041199,5
310638,5
905895,4
1138092,5
1336097,5
1504166,5
494745,5
677615,3
862181,2
837369,1
1560921,2
1482844,5
448321,5
1355862,5
1193474,3
701462,5
483342,1
470841,4
1346124,3
1013834,4
1395122,3
569229,5
1182153,5
640165,1
1406018,5
285064,4
668101,3
1482801,5
20218,4
608077,5
1518064,3
1218520,1
323802,5
739258,1
718472,4
1012557,4
481438,3
450205,5
523901,3
205212,4
1111549,5
338570,5
1411807,4
586615,4
1293866,4
748063,4
1567267,5
1663474,5
608965,5
1688281,5
574476,1
749031,4
274770,3
170363,4
543908,3
816468,4
1101066,5
1002537,1
1693584,5
325655,5
423841,4
1237094,5
345403,5
208078,5
627267,4
1325984,1
1602592,5
61489,5
156634,2
1444360,2
916399,1
1401116,5
1318737,5
646558,4
1055672,5
1229059,5
1334532,5
651403,4
1526965,4
392403,5
168947,4
288975,1
1617237,3
1684057,5
1474776,5
764871,5
209644,4
586795,3
1299638,4
1261979,1
4406,5
250805,5
233394,3
1187805,5
427810,1
107478,5
403225,4
741804,5
433102,4
218071,5
1144857,5
1004728,5
719916,4
705576,3
1414114,5
1049442,1
1078474,4
1461591,3
1689150,5
1043613,5
147667,4
1380417,4
523622,5
1088435,3
1658498,1
178263,4
574086,3
1545049,4
1039390,5
1686952,4
94615,1
13081,1
1041628,5
212893,5
52711,4
1004805,5
1193422,1
1183703,5
1183576,2
147187,4
1244900,4
187123,2
14754,5
591637,5
61315,4
1522927,5
996211,5
1643420,3
997416,4
1038352,4
1631619,4
899751,5
1410683,4
655576,5
204088,4
1085144,4
1392124,5
1428547,4
710185,5
1076698,5
541213,5
490209,5
674588,2
1137678,3
242778,5
1042565,4
260450,1
83367,5
313826,4
547613,5
1605010,4
666322,5
1516729,5
1476784,3
1538631,5
1332152,5
500698,4
1624240,1
935315,2
1158654,5
2634,3
1590719,5
1130302,1
709632,5
552618,4
1648369,5
1495609,5
1107165,5
94146,2
973181,5
1289241,4
275661,4
1525297,3
1324168,5
1499854,5
1247521,5
1110562,5
622158,5
269924,5
1666290,5
25510,5
845118,4
1321609,1
560044,3
287319,5
978825,5
955615,1
36204,3
1019839,5
1016577,3
857593,5
1311621,3
1081040,5
871214,5
1347083,5
1024185,3
1659031,5
999333,5
271580,3
645023,5
1420701,5
261574,5
451085,5
669597,5
920218,3
1095684,1
121049,4
688735,5
1088513,1
90726,5
247517,4
1534790,1
14685,5
1438794,5
714946,5
1213114,4
691495,5
1391540,3
229622,5
380549,1
143152,3
50558,4
686306,5
10715,4
198793,4
1529541,4
1530459,5
859896,4
1371023,4
137784,3
52721,5
926482,2
1021212,5
1539219,1
647125,1
97322,4
296445,5
685571,3
1214199,5
19916,4
1410308,4
19490,2
943269,5
1212814,4
44070,5
701024,4
943709,5
83428,5
1050553,2
701860,5
1235286,5
363289,5
1618091,5
237930,5
1357711,4
1584408,3
266220,5
111317,1
1691747,2
269082,4
1315642,2
473180,5
721689,4
661623,5
459446,5
1130268,5
1530980,5
819479,4
1459338,5
710277,5
630044,5
303720,3
42675,5
1459912,2
978524,5
749540,5
1195683,1
929142,4
924898,1
473509,3
1460698,3
107254,3
607063,3
1596831,5
614303,5
1133866,5
519708,5
709273,4
1037937,4
619134,5
837582,5
696918,5
400695,5
1558445,3
338560,4
982878,5
1094918,5
1503512,3
409866,5
1032891,3
32528,5
401355,1
363450,4
1030701,4
190242,2
1028462,4
1591478,1
1078096,5
1313350,5
1398515,3
760836,2
1498280,1
820506,5
1209780,5
1568253,5
242158,5
585153,1
1556605,5
695145,5
293688,5
1093684,4
991248,5
482156,4
585026,5
433050,4
488492,4
1264526,5
1270930,4
1650929,3
403224,3
1404156,1
1144045,5
1624000,3
1166604,4
1150072,4
1205512,5
586365,5
1445363,1
1582830,5
1193866,4
820089,1
826933,5
840967,4
846330,4
832671,5
59058,5
369407,4
820332,3
728961,4
525191,3
646150,3
512564,2
1153994,4
551768,5
1419619,3
994917,5
383161,5
490684,5
1091924,5
524650,3
795504,5
1270366,4
638922,5
1675534,2
1450667,5
1101993,2
1216080,5
405585,5
1254135,4
1168071,4
1678712,5
1552927,4
1065566,2
415350,5
614118,5
1078332,5
659470,5
997510,1
1654352,4
51983,5
702417,1
1345641,5
665794,5
1656159,3
492657,5
1270265,2
424585,5
146014,3
509880,3
1011203,5
1032871,4
538537,5
844772,5
903723,5
518131,5
1131675,5
1132625,5
391592,5
1017565,1
1599679,4
534673,3
873766,5
287146,4
826153,5
151639,5
894980,5
782777,5
118918,3
1538743,5
1451848,4
1665316,5
927998,4
903393,4
1384749,5
668848,5
1065995,5
632275,5
1199731,5
1075464,5
478685,5
1317321,4
1480594,5
1006435,4
1182514,2
1029308,5
1547045,5
364459,4
633596,3
426821,3
287151,5
577838,5
1690,4
31374,4
76117,5
65242,5
545741,5
289900,5
1508468,4
34086,5
1204663,5
578207,4
581370,2
360780,5
597073,4
305258,5
1481991,5
1034120,1
242556,3
1638518,3
315823,5
454596,3
1401474,1
1397941,5
555383,5
328675,5
522623,5
1029892,5
242635,5
1335513,5
1347763,4
294122,5
344349,5
87527,5
1570152,4
873307,5
1212995,1
309560,5
949151,5
662519,5
769653,5
1060754,5
1412756,4
1179832,5
1068665,4
1233969,4
1158775,5
60664,1
610689,3
811828,2
629287,5
1313867,5
648807,1
1297441,1
822030,5
443826,5
538062,3
1325335,5
1279980,4
1589109,5
388498,4
395291,5
1177640,1
148030,4
1503769,4
1344274,5
1693330,4
174557,5
1070919,4
1314532,5
849847,1
1532042,5
824983,5
1518210,1
1548391,3
184014,5
1375264,4
1123054,5
419648,4
1206269,5
155031,4
695764,5
1109889,4
217218,5
868583,5
775743,5
644100,1
1556387,4
1522609,5
1071036,5
1249024,5
1601499,5
548572,4
619379,4
37029,4
493747,2
268190,5
1431521,4
699645,4
1536504,5
1093465,5
1431107,5
898350,4
1132178,5
972949,2
1189305,5
574863,5
17166,5
1586341,5
1102471,1
1336325,5
1177546,4
310213,3
1184648,5
833791,4
1494400,3
419422,3
700048,5
778897,5
691157,4
1293030,4
430444,3
1643220,1
1499621,3
1146607,5
1412928,5
1505158,5
1258470,4
1072332,5
874398,4
1422359,5
138829,5
1618026,3
1222884,5
1543001,5
1670184,5
1534754,2
363843,5
1342678,5
197574,5
944520,2
1387627,2
1429864,5
716998,4
553176,4
987187,5
213000,5
333905,5
262585,4
896336,4
24419,5
694819,5
1456950,1
912807,4
328548,5
963345,3
1479812,5
1164503,4
1245743,5
880582,3
599417,5
1467288,4
430023,5
260552,4
279487,5
186136,3
892419,5
1266947,5
1172916,5
791195,4
1239360,5
1399754,5
112082,5
616265,5
1337620,5
1614081,4
292831,4
1180406,4
374613,5
154612,5
289619,5
243474,5
1662843,3
368379,5
1129976,1
149287,4
237178,4
370500,5
1220480,5
1455914,5
1572839,5
1002923,4
1140555,4
1421946,5
267083,2
1241278,3
781127,5
1684916,3
44464,1
1647015,5
6201,5
1049892,5
511911,4
1069904,5
1268382,3
473956,2
791995,3
629455,4
865940,5
132524,4
934645,3
1043186,2
1631283,3
815397,5
25376,5
137771,5
1582223,3
1449304,5
384628,5
799221,5
1026756,4
1301859,3
587251,4
794216,4
1048213,2
531756,3
689043,4
1205750,3
1428812,4
1687500,3
237748,5
701442,5
1335159,5
1377657,5
1545095,5
602939,5
835710,2
281315,4
1645647,5
560706,5
1224744,4
402428,2
1525235,3
1147065,1
952881,3
821402,5
718265,5
30347,5
115654,5
1126544,5
1468007,5
782770,5
820181,4
343896,3
110612,5
1041506,2
1008382,2
146967,5
1583826,5
1338608,4
1054482,4
1229091,5
124652,5
137234,2
560637,4
51665,4
1018638,5
121533,4
403922,3
19868,5
1298338,4
1373316,5
178748,3
1520706,5
632444,5
90468,5
874278,4
1003019,4
1690724,5
441932,5
554328,5
1540319,5
989249,4
971196,5
542426,4
1475356,5
1115220,4
5648,5
1540661,5
539559,2
1393196,5
1017131,5
1069322,5
1480125,5
804156,4
980900,5
1575621,5
169592,2
1192360,5
1173814,3
1516442,3
1257962,3
868031,5
1505278,5
1633657,2
1106151,5
49377,2
148940,5
365512,5
55688,5
1603507,5
1536170,4
193709,5
1393692,5
331879,4
66528,5
53441,2
1308303,4
1201427,4
582893,5
1224447,4
89459,4
1089548,1
1031011,5
687269,5
132212,5
1572929,3
1278073,5
438158,4
267821,4
1414979,5
876075,2
1491409,5
1579173,2
1624163,4
1192503,1
542002,1
1344720,4
120540,5
1405387,4
478116,5
1521234,5
598496,5
496369,4
1347490,1
662025,4
1207664,3
1193701,3
1425662,5
892111,4
832431,2
927269,3
1153257,4
499020,4
192742,1
1204924,4
246603,5
1350873,5
1474798,5
127931,2
393094,4
1052184,5
835281,5
978889,5
346120,4
414587,1
286844,5
643004,4
1318641,4
1392560,4
326569,5
1152183,2
586843,4
1566878,4
269277,4
1333714,5
551532,1
1179060,3
1068679,5
749164,4
1402320,5
1562830,5
694231,5
1644511,5
823567,5
1488928,5
372734,5
1559510,4
461775,5
1634417,5
1204627,4
881288,5
658012,1
1449160,5
888822,2
1590400,5
1620724,5
284491,5
1126003,5
267079,5
901224,4
1122860,3
1313051,4
1259421,5
1600693,3
1494693,4
195722,1
621486,4
1523018,5
358588,5
1138727,5
622331,3
379300,5
1001940,2
1552877,4
821870,4
405540,5
329839,5
1055700,5
309869,5
377513,5
404219,5
1067806,5
58061,4
1440870,4
707559,4
811608,5
1155289,2
330752,5
990832,1
495731,5
432114,5
432772,5
560636,5
1137515,3
1681030,3
801537,5
2094,3
614264,3
537450,3
207613,5
759523,5
136499,2
1531080,1
1026161,5
1466938,1
615285,3
1677774,4
1224819,1
730708,5
712889,5
1469247,4
1446389,5
139832,4
307386,5
702377,5
1116501,3
714275,4
1603560,3
1510262,1
1184311,3
1100542,3
1154051,3
685919,5
541561,5
1303479,5
819969,5
1095672,4
618244,3
706971,4
647590,5
1636183,3
1649852,3
1170018,4
1242411,5
1044815,1
951618,4
1489111,5
1124173,4
414633,4
1171910,5
1103685,3
123523,5
1685427,5
1124175,5
1652099,3
1529362,5
564981,5
168221,5
165921,5
1220651,2
1151394,2
920129,5
724336,3
499417,4
785446,4
558334,5
879819,5
1551754,4
1314354,3
1275341,3
1202934,4
69457,5
1037307,4
1162166,5
1570784,5
610420,2
1595928,5
79623,5
1489755,4
1451438,5
900873,5
914522,1
1570065,5
681966,4
517509,4
877450,5
1577340,5
660472,5
602640,4
744313,2
258674,5
1037096,4
113252,5
1500520,4
1550178,3
1450553,3
577076,5
1174738,3
1365077,5
446866,5
227193,5
448387,3
1013908,5
203217,5
554551,4
701390,4
278946,5
1438167,3
1594305,4
1530409,5
874004,5
266519,2
773718,4
1271238,5
452893,4
1605197,4
63880,5
823013,5
202488,5
380822,4
207537,4
921577,5
928382,4
1174816,5
1170732,5
927970,4
132240,5
963865,1
1685808,2
230230,5
68729,2
1430050,5
996091,5
1604424,4
874698,4
1322184,1
429262,3
1650569,5
847538,4
787215,4
768714,5
407692,4
1568849,5
1298123,5
1453677,1
1135639,4
1411141,4
1680238,5
190556,5
1141049,5
1559136,4
1167469,5
152277,5
846889,4
840399,5
1542450,3
216137,5
345545,4
1649657,4
578849,4
292390,4
1590491,4
587897,2
1064213,2
316330,5
1632800,5
800472,5
1397669,5
1103455,2
1342215,5
700896,5
233647,5
1095407,4
372016,4
1468155,2
429524,5
1000027,5
385772,5
1376318,5
1008829,5
603164,1
1188402,5
533541,1
381163,5
1631308,5
1094344,3
1193138,4
162239,4
817191,4
688898,4
1433504,5
363371,5
431535,5
912801,2
602491,5
612654,5
166941,5
1662092,4
964363,5
655966,5
273072,5
279234,5
1370355,5
8620,5
59879,5
234421,5
121537,5
967298,4
94086,1
881106,5
1691307,2
1314772,5
982513,4
1609955,4
291675,4
78388,4
547597,5
450268,4
1574682,5
531052,5
880190,4
851091,5
757782,5
1410663,5
65094,5
423768,5
1618866,1
1203604,5
923814,5
890164,4
507681,5
443733,5
1077778,4
1294453,5
26724,5
338708,5
885,5
1184490,3
1481818,3
1429052,5
640838,3
63325,5
1562339,4
1429231,3
1596428,4
1090984,4
732524,2
1371579,1
1497193,4
1536873,3
465702,5
252810,5
1480439,3
1304497,5
1240923,3
1515059,5
1054496,5
906236,5
865313,1
241414,2
1623550,1
718236,5
957024,5
1173941,5
329730,4
949040,5
138249,5
1595330,5
1250660,5
1430880,3
824003,5
1569172,4
943452,5
501364,5
782371,5
36294,5
223135,2
258671,5
530392,5
838754,2
1161211,5
193884,5
927340,5
1265854,5
515481,2
898518,4
59588,5
581236,1
122180,5
1328771,5
880854,4
351277,4
1242909,4
1218293,4
787987,2
498454,5
680211,4
99994,1
49276,4
128749,5
612317,5
315284,4
966938,3
676397,5
1688720,3
533268,5
625653,4
197583,5
75381,5
780139,4
993571,3
717513,5
585353,5
1158203,4
8831,1
1307173,1
456822,2
1453869,5
772625,4
1223430,3
921052,5
1053527,4
1160675,5
367652,5
496441,3
1640703,4
687711,4
1396105,4
1467490,3
1688440,3
193736,4
1237005,5
1560647,1
950647,5
1239694,5
1204374,4
908873,5
481159,2
1669286,5
1564,5
526228,4
938797,3
1409610,5
824219,5
492886,5
290551,5
565195,4
1122801,3
1115226,5
931097,5
351692,3
454249,5
1207053,5
1065866,4
1066477,5
1287595,1
1469249,2
829756,5
1679562,4
496711,1
1394244,4
673501,5
211421,5
1543414,1
273611,5
1623444,1
886161,4
945932,5
402913,5
1633471,1
1293772,2
1238852,3
206434,5
1646936,2
993842,5
1608878,4
1197181,5
1008428,5
593575,4
1024260,5
1242666,5
737989,3
78833,5
1210609,5
46692,4
626565,5
778339,2
1616369,5
770525,4
741233,5
596071,5
239602,5
991198,5
1029778,4
1548191,3
1645106,5
1251031,4
1210469,5
81934,2
361357,2
133900,5
756618,4
550643,5
1243728,4
904871,5
699240,4
884130,4
695808,4
916289,5
4250,5
1089793,5
1677025,1
23217,5
407514,5
1401119,5
1337459,5
1447358,5
171734,5
919723,5
728134,5
1507648,5
1097344,5
1618209,5
1632768,5
56403,5
1296413,5
872155,3
1349062,4
1340467,4
1240599,5
575063,5
979289,5
1647323,5
480562,1
1463821,5
745557,4
251934,5
357046,5
1036432,4
256863,5
1382766,3
955256,5
1150946,4
99459,5
371080,5
345340,5
1523735,3
1428815,4
665464,5
64187,5
925619,5
380095,4
1080690,5
15187,4
1380637,3
677151,3
480350,2
1423921,5
264604,4
1073040,5
1358992,4
817503,3
381541,5
527421,4
1391728,5
1376900,5
760384,4
190009,4
1333930,3
1182827,4
250920,4
1434010,2
506803,5
599662,5
4645,5
86521,5
523790,3
834631,5
1033198,4
449089,4
744459,5
220111,5
690844,3
1007397,5
1641499,1
984056,5
1341091,5
1644832,5
925349,4
8330,5
1393378,5
1370688,4
1176277,4
970570,5
1174308,5
1029988,2
1291803,5
890772,5
24846,5
563642,4
1575669,5
629258,5
484455,5
704914,4
783969,2
270902,2
1632845,5
116820,4
1537167,5
898789,5
433040,5
1564903,5
915453,2
200490,4
1004487,2
29135,4
1587385,1
736167,5
1083453,5
1493409,5
354016,4
102595,5
891175,5
179615,4
670493,5
445504,4
1581046,4
673370,3
1385890,5
884923,5
1055979,5
445452,4
458387,5
176419,5
359465,5
1475986,5
334992,4
1437285,5
967432,5
405635,5
418443,5
681067,3
151922,5
662835,3
131792,5
1363413,3
1070134,3
446457,5
1291784,5
1403031,2
764751,5
501481,1
233421,1
229103,5
235883,5
1073376,5
511940,1
362225,3
1435045,3
1085238,5
421609,5
1494220,5
669839,4
231315,4
91771,5
157379,4
430829,5
675641,5
1309809,2
440105,5
713101,1
1569384,5
1156042,2
1350788,5
1011489,5
1257067,5
1217975,5
787000,5
1002408,5
894238,1
1217156,5
1345924,2
644148,5
1566521,5
778710,5
619284,3
704317,5
320510,5
1023233,1
873077,5
1326400,5
788263,5
284189,2
1527425,1
1107360,3
1454038,1
1534280,5
954364,5
1333875,5
1019198,3
1191516,5
433744,5
141930,5
373440,5
376057,5
175728,4
94314,4
293154,2
715134,2
953002,3
1121496,5
1028105,2
905411,5
1530685,5
1159036,3
69944,5
1160848,5
824630,4
681758,5
1516670,5
1366388,5
1621697,4
309603,5
938480,3
634893,5
1261814,4
147020,5
899006,4
521848,4
706489,1
1411339,4
647002,5
1057962,3
187233,4
418808,5
800270,5
1073363,5
776666,1
447150,5
1348235,1
1611689,4
1555076,3
1357776,4
1412067,3
1429305,4
591182,5
1426086,5
623015,5
744454,5
1349801,2
1025164,5
356197,5
490456,3
1197774,2
473441,5
1153493,5
818025,4
147821,4
370314,1
1490979,1
1153598,2
1177175,5
1539652,5
592831,4
1017190,5
1561539,5
1144321,5
453764,4
1498057,4
329173,3
1567402,4
89950,5
718835,5
1511203,1
1536387,3
198521,5
649490,5
48900,3
897454,1
1686960,5
1592889,3
313239,4
552922,4
339701,5
617781,5
863228,1
468049,4
17148,3
345619,5
1078081,5
162099,5
739346,4
991488,4
1555361,4
237791,5
701939,4
1379547,3
1351934,5
1622299,4
1456086,5
142157,1
924693,5
279662,4
545898,5
1365628,4
154440,2
53889,5
297255,3
606555,1
584345,4
1497879,3
402071,5
1243776,3
1543809,3
1362182,5
389945,5
1345498,5
1396833,5
279223,5
945492,3
215206,5
801616,4
417712,5
1505299,5
1311738,4
672567,4
1522810,3
424543,5
901293,5
4801,4
614179,4
147803,5
1479133,1
1387803,3
49972,3
964201,5
753126,1
145179,5
621718,5
438323,3
569139,4
11074,5
86071,4
572159,3
680306,4
1515313,5
157051,4
1066561,5
1534004,5
1558058,3
1275595,5
726510,5
907231,5
1631243,3
42752,5
1231686,5
1597682,1
613896,5
44370,5
389690,5
940550,5
238201,4
571020,4
196232,5
1664469,5
758106,2
523560,1
1597737,3
601196,5
1062819,5
260442,4
1192094,4
488379,3
1587165,3
513751,5
1647443,5
1320357,5
344236,5
278324,5
311448,5
1090416,1
682206,5
661335,5
603266,4
62474,5
1305554,4
80820,5
1516317,5
10056,5
655434,2
245601,2
1232516,2
943229,3
906112,2
496148,3
1086575,4
1606956,2
1307217,5
1185134,4
1534871,5
561428,4
1386308,5
39295,5
292249,4
305095,3
909022,1
1398099,5
752296,3
1584102,4
1333388,3
921510,5
697863,4
1255846,5
513157,5
502846,1
652642,3
1279519,5
979921,5
806281,5
825978,5
956190,3
1208146,4
304453,3
1051621,5
644169,5
1061705,5
1656650,3
1282386,4
853518,5
1023557,1
34772,3
346858,5
1232193,5
1214526,4
1205768,5
1322847,4
482463,3
260893,5
1123485,5
894476,5
788718,5
681430,5
892300,5
397226,5
1620848,4
545506,4
8179,4
990282,5
74164,1
637816,5
1105145,4
1182086,1
1511986,4
1615127,5
1335032,5
822936,4
1314350,1
1230399,4
949709,5
52960,5
543717,5
668554,4
1692002,5
1462061,4
745007,4
406466,3
1325007,3
124727,5
1049243,5
5190,5
931439,4
100959,5
520337,5
491814,5
682800,4
1494723,4
514825,2
417845,5
341205,5
386884,5
703916,5
1010229,5
843685,5
1535764,5
496616,4
448657,5
1676754,3
302906,5
1196569,2
1022167,2
1102392,5
1410958,4
633516,5
1578298,5
1478581,2
712432,5
1443690,5
900413,5
151685,5
994920,3
651338,4
646075,1
1684514,5
220927,4
1094681,4
552702,5
385290,1
150662,3
1639393,4
891386,5
1579767,4
1488476,4
379632,5
710189,5
529423,3
146840,2
518621,5
1013199,2
641798,5
436787,1
1543664,2
371070,5
231840,1
1000249,4
1111597,5
826599,5
1425300,4
1340024,1
1366087,5
1640520,5
856678,4
561593,5
471791,5
1555060,3
569347,5
714425,2
927384,5
392889,5
782042,5
1298336,5
1045326,2
567989,4
514877,3
66321,4
1077825,5
1444497,5
89980,5
1617674,5
276109,5
29761,1
861916,4
1587359,5
1413366,4
1611673,1
1142830,2
524956,1
1357130,4
253087,5
1556780,4
774830,5
205304,2
7670,4
1229597,1
1129632,4
367756,5
151797,3
1520193,5
1293640,3
1390398,1
1533772,4
606628,4
1323394,5
1610322,5
1320440,2
1167286,4
1306225,2
564997,5
23617,3
1675879,5
794310,5
184860,4
908864,4
1540376,3
495241,3
1208124,5
524344,5
731467,4
759361,5
1460221,4
1629521,3
1628462,5
1604800,2
1432006,5
1651541,3
1591988,4
898225,4
453067,5
126877,5
480499,5
1205995,5
469448,2
972857,5
999001,1
1204176,2
941235,3
334239,4
732188,4
696342,5
914151,2
352949,1
1572702,5
597677,2
68081,5
1065014,3
1609425,4
1000291,5
1693043,4
1394299,5
955641,2
637574,5
1599018,1
1456147,2
1586491,5
599531,5
1211681,1
506794,5
628798,2
796232,3
594937,2
359195,5
115991,5
290094,5
1282023,5
364450,5
1523523,5
838762,2
1589897,5
1472693,4
1439103,5
946148,3
661362,5
546690,5
1061967,4
1081059,5
1624630,2
823471,2
1040389,5
261772,5
370638,5
1208915,5
111725,5
1016108,5
1316109,5
819924,4
796475,1
309109,5
86697,5
1600764,4
299565,5
1557561,5
473547,5
997878,5
1685197,5
176155,4
658599,4
1010128,5
1679796,5
338847,5
1144260,4
670339,1
1265356,1
1010862,3
452636,5
123631,3
695967,5
1470609,4
328545,5
510684,3
1291245,2
684366,5
823929,4
601288,4
199379,5
1367737,4
924963,5
462176,4
1431180,1
17257,4
1086369,4
475566,1
1280669,3
256802,5
1648057,5
340789,3
1150216,4
1102502,3
755786,5
1037849,3
503316,2
230454,2
915255,4
1236660,5
1346283,1
1466043,4
1223107,4
1387072,4
64806,4
541154,3
652195,2
817217,3
1312495,5
220793,2
500058,5
1672931,5
1220736,1
306611,3
1129309,4
959949,5
334707,5
931611,5
926893,2
372983,5
1298120,3
554960,5
409129,4
220987,4
908092,2
1513803,4
98888,4
261712,5
847609,2
1495479,5
791879,5
1546561,2
26146,4
1383160,4
27925,5
1235442,5
1642530,4
492265,2
1604609,5
383977,4
967234,5
682846,1
844868,5
94089,5
1318109,4
1298954,3
1054712,5
710671,3
234417,2
1151417,4
1176284,5
834891,4
1625887,5
856518,5
888889,2
452249,4
207161,5
1223271,5
1029256,4
1427178,5
1108308,2
1298964,4
1390421,5
1190220,5
1477175,3
122916,5
916153,2
363253,5
160549,5
407900,5
706667,5
1638552,4
1185723,4
1531301,5
247760,4
946324,4
1001470,5
1222001,1
913182,1
934529,5
59788,5
1490269,4
141088,1
1674603,5
1530128,3
1616955,5
1466840,3
629171,4
1208,1
1658636,4
1523203,5
947807,3
1043628,3
1665778,2
731012,5
251737,5
946505,5
1462221,5
1259330,4
1385996,5
955842,1
316081,5
524599,3
212468,5
1661233,5
1095994,5
1617685,4
353552,5
1279668,4
112360,4
869611,5
306628,5
609087,4
538629,5
1233689,3
1339012,5
584477,3
707313,5
1630919,5
1262449,5
523455,3
1587153,3
787775,5
1670090,5
1273895,4
170646,4
191669,5
142042,5
864078,5
1690522,1
1051012,5
700012,5
389194,5
1324964,4
178081,5
1319177,3
1670753,3
951847,5
1035748,3
687777,4
1151117,5
624882,3
1128713,3
1318436,1
1114656,4
705124,4
258261,5
1239088,3
691229,4
507894,3
514935,4
320032,3
1499795,5
123943,5
256758,5
1635949,5
54179,5
451468,5
32479,5
196290,5
528526,5
875406,5
453769,3
1432106,4
300620,4
762796,5
1069206,5
977336,5
280385,5
1200239,5
1541877,1
937495,5
1653156,4
1270706,1
416484,1
852993,1
304612,1
1587687,4
1121698,2
1498232,4
520212,5
248882,5
1147603,5
1274403,4
1631415,5
1183854,3
124691,5
357617,5
927965,3
1572803,5
882306,5
253880,4
1651559,2
1170780,2
266638,5
1312298,2
860040,2
523048,5
1472921,4
1601285,5
64079,5
253666,4
97862,5
559748,5
1035735,5
419379,5
653931,5
908402,5
1376698,5
592762,4
981102,5
271327,5
837139,5
1146338,5
276293,5
57083,5
906996,5
412958,5
1193104,3
2397,4
170017,4
549222,2
892809,5
54221,5
1313449,4
1666505,5
1315593,2
833177,4
264537,5
1366688,2
1203154,3
941873,3
492459,5
1236145,3
156301,4
305329,5
34389,4
1538815,5
1064487,5
925123,5
558098,5
428857,5
443743,5
126501,4
1166508,3
479766,5
114222,5
181101,1
839049,5
238715,5
1362500,5
134873,5
1074280,3
1379398,4
145110,2
1380226,5
686038,4
120260,3
1334773,1
1161495,3
615141,2
377993,4
1198483,5
796760,3
668585,5
1003724,5
335466,4
1088680,5
267534,5
1591685,5
1261135,4
1300800,5
1523349,5
1044182,5
932615,4
700246,4
1136716,5
1402175,5
699776,5
191783,4
1623092,3
1603682,5
1067528,5
136823,5
515196,3
1179195,5
592540,5
395659,5
57981,5
148776,5
1186011,1
482564,4
353885,5
635742,3
1352623,5
1394355,5
314080,5
1235491,5
36045,5
146537,4
1358734,5
825938,5
884852,3
747011,5
1305406,5
422788,5
561804,5
88588,2
952887,4
1637831,5
953061,4
185078,5
1008015,3
422023,4
1660662,1
76085,5
1004420,4
954305,5
1471805,1
68232,5
792083,4
1352171,5
1601416,5
1564450,5
459219,5
479396,4
1691025,5
988505,5
74934,5
706279,5
1237753,4
216272,5
1540698,3
663700,1
1324690,5
654918,5
136955,5
70103,5
633414,5
290684,4
1691614,4
462664,1
1242317,5
1028470,4
669612,5
1497971,5
1404603,4
1454915,3
299526,5
355635,5
847195,4
899718,1
1270061,5
573997,4
1548726,5
538312,5
377589,4
1669782,4
398794,4
1080002,4
1510332,5
1582304,3
83191,5
145700,4
711670,5
858546,5
1462744,5
1514645,5
1374735,2
1415897,3
1094498,5
1525519,5
75849,5
1677638,4
1297382,5
1175337,5
845281,3
212258,1
1038988,3
1324872,5
422236,5
1054929,4
217980,5
1196861,3
1239789,5
261386,4
243636,2
1629190,4
801251,1
780487,5
1540426,5
513308,5
333259,4
419620,4
1112554,5
1192429,5
739498,3
676964,4
1194592,4
1660596,5
1024860,5
358470,5
501398,5
296393,4
707241,5
977363,5
579997,5
1244371,4
374662,4
605270,4
212715,5
29106,2
1670937,5
491857,5
402871,5
489939,5
456869,4
1066198,5
1402635,4
531160,4
1661271,4
903037,4
1283622,5
1129145,5
1237706,4
165287,5
283355,4
1208973,4
833147,5
301314,4
962817,4
1638512,1
213287,1
167376,2
1453761,4
571009,4
875693,5
191353,1
1434004,5
691711,5
120854,5
1688916,5
1232756,5
183334,5
915984,5
713995,4
1328337,4
1217323,5
197504,5
505024,5
1232639,4
646811,2
1426675,4
1029894,5
478954,1
1675068,5
333062,4
1157153,2
1036857,5
990006,3
1183974,1
259696,3
216893,5
1227313,5
805745,4
1006948,2
1194165,5
1600772,3
1383096,3
776011,5
1506850,5
208067,5
600401,5
242887,5
1428554,5
17701,5
1564386,3
1341978,3
996350,5
312302,5
1542149,4
103461,4
1294519,5
1531079,2
749201,3
1680308,5
933553,5
630919,5
1081865,4
1072901,5
1680132,5
1613271,5
200374,2
1586863,5
1424509,3
339563,5
1615605,5
534908,5
1025382,5
233154,2
939447,3
528238,4
407189,1
1168589,4
1342663,5
1049647,3
216729,4
1430744,4
990380,5
1150477,4
1095955,4
1091331,5
1450411,5
1168074,4
866754,4
113301,5
1301423,3
794186,4
433727,2
183264,4
1510683,3
362093,5
330559,1
1689268,3
1009882,4
1070513,3
1120055,5
98385,4
1281727,1
830142,5
50360,4
40965,5
865212,4
9034,4
1515356,3
526651,2
1221901,5
47160,5
1439553,5
779640,1
1139270,4
93984,5
1638944,2
711785,2
191733,5
590938,5
612102,5
170864,5
729127,5
202129,3
1092658,4
489325,5
1454769,5
291836,5
359811,5
158354,3
1224704,5
837899,5
12521,3
1347292,3
303560,4
282005,4
1076943,4
780114,5
794729,5
724800,5
1471812,3
447371,5
150076,3
1286353,5
443684,5
137326,3
994804,2
1277311,1
77505,4
445200,5
1004519,5
361133,5
479342,4
1082578,5
527668,3
1502761,4
1672001,2
670197,3
818442,1
1215371,5
1270435,5
1115898,5
1169927,4
490873,5
1401554,4
1462779,5
1256931,4
106082,5
870155,1
791210,4
551291,4
308294,4
1139411,5
309021,4
1188879,4
758074,2
101574,4
1535816,3
416381,4
1538016,4
253741,4
988038,4
1194399,3
1660889,4
1086943,3
1314525,4
296264,4
117136,5
63584,3
1448404,3
1516941,5
89895,5
906547,3
125017,4
1134156,5
380345,2
423872,4
668204,3
1147547,4
59895,5
842093,3
241995,4
356853,5
970926,5
734609,1
641637,4
536626,3
255340,5
1632554,5
1349050,2
1494924,1
823529,5
1205997,5
913,4
520870,5
678736,4
215228,5
377595,3
1566488,5
730533,1
954229,5
615078,2
279189,4
1152043,4
647112,4
1492428,3
1096804,1
36527,5
1096442,4
995690,4
1464811,4
1457702,5
210501,2
1602422,4
361651,4
632280,3
1082789,5
471262,2
422937,5
875707,5
1216306,5
241513,3
502367,5
320017,4
258960,5
1494684,4
956489,5
918140,5
755599,5
65110,4
227826,4
280362,5
377160,5
617907,5
1463652,3
414379,5
29795,4
419510,1
1355380,3
1127749,5
1535796,5
341155,5
315842,4
815963,4
523423,5
631809,5
1024389,4
659774,5
572816,3
533617,5
248928,4
192769,5
94968,5
1108025,2
315677,3
1221024,5
318805,5
793694,4
1152968,4
527912,3
396269,5
1626891,3
560201,2
237127,5
872986,5
335888,5
432948,5
1360247,1
1512891,5
122625,5
1219822,5
1350381,5
1132168,4
1122901,5
478036,3
783166,5
1050831,3
532790,5
684450,4
784101,3
335967,4
1052675,4
178800,5
1124216,5
852673,3
707751,5
954791,4
1366038,3
245188,5
863210,5
855177,5
980548,4
1492254,5
1245279,4
1143732,5
825070,5
1119552,4
1582009,5
1442914,4
469363,4
763284,4
1389925,5
1664031,5
1622516,3
889805,5
1115142,5
164017,3
1034044,5
172492,4
1356906,5
580035,2
1639752,4
415447,4
322687,4
845104,3
1400262,3
668246,4
519897,5
426228,5
434557,3
1197447,5
625210,4
91554,4
1395466,5
779432,4
225598,4
989342,5
71523,2
1589021,4
1402733,5
775100,5
553817,5
738974,2
1572271,5
5037,5
1275771,5
907257,3
1008310,4
812037,5
594304,5
431396,2
1355578,5
1180912,5
1425909,5
1563486,5
29655,5
1383978,5
990092,5
433230,5
1318471,2
854832,4
130246,1
959142,1
1540765,5
1537514,5
511781,5
671567,5
1422040,5
81270,4
1477655,5
1141392,5
310481,4
7642,4
1293816,4
285229,5
193376,5
1602538,5
1682842,5
967559,4
725457,4
1118001,5
576582,4
1016384,5
715866,4
1571217,4
1488529,5
41602,5
1437384,2
289153,3
998313,5
1583981,5
226930,3
1358715,5
42448,1
108627,4
904553,3
442117,5
1572665,5
610572,5
1201683,5
1543043,4
1180251,3
339671,5
1364413,4
432629,5
1454031,2
1500360,5
1583405,5
1508483,5
347314,2
877950,5
549023,4
1389013,4
910498,5
1049103,5
143879,5
569948,4
1028407,5
464666,4
194091,5
122009,5
748366,4
1117830,4
430635,3
1538144,5
1417134,5
104472,5
445011,4
28066,5
1347539,3
8228,5
956725,4
718359,2
469232,4
650559,5
955268,1
1393886,5
291344,5
584486,3
146633,5
575283,5
120784,3
1094573,3
89887,4
1158117,5
318951,3
62245,4
800033,4
1047985,3
326926,5
1511041,5
1327788,1
1124813,5
734454,2
862571,5
174171,5
1368353,5
500624,5
579297,5
621756,5
576852,5
861097,5
1080616,3
999949,5
1339321,2
1417717,4
435010,5
43907,4
848754,5
954217,5
1520551,5
1546108,5
80770,5
60018,5
1259173,1
1150565,5
720883,5
691616,5
751385,4
1481313,5
960771,5
202550,5
1676602,2
392736,5
344507,5
1115856,4
520079,5
16573,5
555192,5
1614590,3
395926,5
907588,4
1601743,5
1248998,5
567159,5
636411,2
1419790,4
1421927,5
1185290,3
1470640,2
1128873,4
282278,5
1023617,4
765171,2
1268582,5
1453762,1
1497102,5
1561593,5
1470114,1
54918,5
1109596,5
1190106,5
1153218,4
520914,4
23563,5
1082298,5
200545,4
1689029,5
757880,5
330167,2
1183583,4
312832,4
663646,2
111925,5
424118,4
293039,5
1005433,5
1454945,5
564995,5
1115207,5
1504645,2
1588031,4
231223,5
1041095,3
1511827,5
577483,5
1528293,1
395026,3
1093531,5
1007737,4
393563,5
1091059,5
379358,5
928466,5
123743,3
845884,4
1493050,4
1168995,3
120,5
613800,5
1269707,5
1659656,5
80084,5
426344,5
335381,5
1440028,5
1119821,5
595142,4
200215,5
275578,3
1105136,4
1193820,5
979376,4
599430,4
416623,1
429284,1
9746,5
919240,5
1090339,5
416739,5
43453,5
837522,4
853935,5
656791,4
1116598,5
1591209,2
1160897,5
251240,5
189804,4
1637599,4
125368,5
242947,5
348605,4
622572,4
772602,5
1566507,4
1449736,2
1148375,5
433934,4
985979,3
48175,5
1286023,5
334424,4
1181208,4
1419638,5
1479725,5
838380,5
995695,5
317404,5
1016771,5
919837,1
737026,5
98536,5
1591449,5
1132836,5
1416271,4
35548,4
1240070,1
1220673,3
713367,5
956938,4
1138626,1
27467,5
9782,5
483510,5
1037783,4
86237,3
1227188,2
1325846,5
679038,5
1399766,2
249496,5
998981,3
304855,5
92260,4
76415,3
1063655,3
763601,5
1012366,4
708151,2
167441,5
621432,3
131802,4
1429442,4
244706,5
882071,5
495038,5
234551,4
1072712,4
805440,4
726282,5
1634637,4
1218887,2
459399,5
1088945,5
648752,4
1393022,3
965366,3
26113,5
926454,4
1572171,5
885724,4
146725,2
103350,4
385609,2
1486655,5
38216,5
1102021,2
530574,5
427646,1
1030378,5
589299,5
1526488,3
360087,3
204459,2
58756,2
689450,3
824081,5
953692,1
690750,2
1366224,4
367309,3
1571813,3
949064,5
733358,4
341033,2
1591581,5
217001,5
1170577,5
303499,3
1308734,4
684480,4
397052,5
103252,5
1462780,4
880578,4
1418165,5
484167,5
970039,5
1188512,5
571652,2
1283317,2
1382120,5
120002,2
1429176,3
433131,3
80902,5
1111668,5
1458852,3
1295108,4
848146,2
377437,2
1025591,4
1163900,3
33333,5
940596,5
777395,2
1121419,5
1582800,4
1519176,2
462714,3
1512078,5
1616649,5
130629,4
273690,4
1091795,5
1487731,2
1062811,5
893354,1
1349189,3
1171595,5
1329171,5
1069561,2
28213,4
1155520,5
1297100,2
865644,3
1504057,3
249970,4
546872,4
71858,4
179418,4
1366307,5
1462669,4
96240,3
1199785,5
1126870,4
1603279,4
465928,5
853024,3
1682683,4
1485559,5
735986,5
763735,5
382501,4
773346,5
922708,3
1233699,1
706626,1
546873,5
1080074,5
465752,5
355904,1
1420774,5
813279,4
967369,5
1585761,5
1122996,3
1157978,5
918574,1
508767,5
407112,3
124398,4
1466243,4
1445373,5
1183052,3
1403788,3
962520,5
1353699,5
1491809,5
786758,3
417379,2
186768,1
1586294,4
217036,5
679362,2
1593153,1
21133,2
50653,5
1092077,4
1137056,2
671973,5
1450414,1
903909,2
1495091,1
358809,5
122026,5
608158,4
809659,5
547475,4
1251699,3
1005588,4
1418956,4
158364,1
701909,2
128238,3
114674,5
1273162,5
641396,5
83218,4
910742,1
201863,3
653322,2
419280,4
70031,5
912789,4
13033,4
632173,4
140759,4
1155041,5
1539211,4
892388,5
95262,5
516651,5
1579340,4
1372091,3
990333,5
756757,5
669061,3
1467002,4
1004082,4
257523,5
843236,2
274794,5
39785,3
1304678,5
432227,3
295665,4
403900,5
705680,4
319950,5
841084,2
694515,5
47709,5
694681,2
452882,1
961107,3
556636,4
970453,5
621674,5
201813,5
26771,5
491763,4
1258147,4
1592079,3
1169283,5
297756,4
618579,5
1100994,4
64309,4
158668,1
910354,2
1333653,5
479566,5
1060020,5
937003,4
1532761,4
695326,3
174897,4
710942,5
1651793,5
29074,5
1530214,4
1137067,5
952184,5
457583,3
546930,3
1466028,4
875147,5
1271013,4
1051416,5
1114673,2
1101697,5
1597920,1
1394286,5
714524,5
730001,2
973954,5
1395071,4
515768,5
1199863,4
1570825,3
747579,5
1266489,2
263750,5
557971,4
1317889,1
744581,4
607356,4
508504,3
1125948,5
415229,5
281876,5
958653,5
512887,5
648693,3
1608521,5
45472,5
1152505,5
345723,5
1202236,4
1321420,4
689144,5
391973,5
1582222,5
1218322,2
1279027,5
1124984,3
519089,5
1098217,1
141485,4
19817,1
1032620,5
621719,5
184029,3
1579719,5
792637,5
1052088,1
1493611,5
649077,4
407957,5
354428,5
1669366,5
1442221,5
286448,4
1191550,3
1102794,5
59560,5
1143796,5
511375,5
1162408,3
931952,5
737369,2
970673,5
969395,5
295278,4
1139527,4
550832,3
403110,5
1604751,4
454828,5
147627,5
822023,5
393420,5
1608363,5
487957,5
1441356,5
389682,5
432673,5
785365,4
1063103,4
1506537,5
607763,5
303870,4
1502423,5
915950,3
1090603,4
455039,5
847372,5
542613,1
63,5
1449424,2
812560,4
1390989,5
1620159,3
1083294,5
526037,5
10846,4
1498734,5
567101,5
1267031,5
871188,4
219606,4
1226136,4
300616,5
109335,4
780819,4
1067969,5
1428927,4
1663186,3
943484,3
484224,4
782436,5
1661893,4
655325,5
541136,3
1329563,3
571863,5
954661,5
148855,5
1091894,5
117472,5
97130,5
294993,5
1645669,1
415933,4
1360801,4
1688459,5
852246,5
88604,5
1344188,5
689274,1
1041782,5
1088464,2
790339,5
407899,5
171539,1
15729,4
709543,5
425554,5
751523,3
766448,5
63366,5
1114861,5
1599409,5
610288,5
656179,5
1236694,3
528625,4
651845,5
583205,4
625836,4
735576,4
681333,4
1086271,5
403804,4
1621012,5
1422107,3
55661,5
393655,2
135995,5
105217,4
616547,4
1408917,2
1069791,5
1690428,4
1586307,3
984230,2
1487396,3
190782,4
404567,4
1642313,5
868293,5
93702,5
1219814,4
395222,1
665296,5
637872,3
800485,2
1470301,5
13995,1
665865,3
174931,5
819715,4
1020899,1
784196,5
111221,3
719493,3
402369,4
1512612,1
1233771,5
900129,5
1061100,4
430810,5
1579259,2
156687,5
833128,4
333423,5
487602,3
420822,5
983905,4
531936,5
58286,5
412954,5
956696,1
402822,5
1316505,3
197377,5
669231,5
1639571,5
1673257,5
117519,5
1518784,5
1686202,5
1162826,1
195356,4
1395024,1
139171,5
784991,1
1425339,3
1457941,5
1327869,5
1354409,5
32132,5
1248716,5
1507927,5
1497418,5
85786,4
1508808,5
1608908,4
1690247,5
176134,2
1047462,3
1434778,5
413081,4
339836,5
543431,4
453685,5
1253362,4
858940,3
1484623,5
1157977,5
915993,3
721896,5
420391,5
452635,5
533177,5
1679075,3
1135048,5
225436,4
1628585,5
1551148,2
626848,4
988863,3
327530,5
1508182,4
1084604,1
229011,4
1463641,5
1288480,4
1667686,5
240245,4
1641267,3
849214,4
860969,3
458733,4
906183,5
1179776,5
339911,5
693281,2
731676,5
1124626,4
836425,3
1483988,5
331269,5
834284,5
147761,2
240853,5
640676,5
1036953,5
1337039,5
1349681,3
1551499,5
498360,3
670477,1
1548972,5
842670,5
1463233,5
996416,3
694790,1
49288,4
1593159,5
1146672,3
377076,3
437592,3
1343090,5
574384,4
1313412,3
1206504,2
849514,3
1417398,4
247492,4
1488447,5
470767,5
75199,5
516888,5
840042,3
1694757,1
1448432,5
749910,5
99912,5
847480,5
1457506,5
1541520,3
1160565,5
1064417,3
832476,5
1540716,4
1683522,2
125832,1
258349,2
1139123,2
857403,4
469547,5
116981,2
1068436,1
1167146,5
1238722,5
743312,5
460721,3
1218118,4
612516,5
339051,4
332953,4
698623,4
1021426,4
1144721,5
758271,2
1021691,4
1313803,4
476959,5
958763,4
380229,4
1116996,4
416281,5
80641,4
449919,5
621340,3
668605,5
1569728,4
763274,5
386746,1
1675769,3
633943,5
1312963,5
909656,5
931889,5
1238991,4
1616545,4
1306936,1
179360,5
34137,4
1342436,3
986099,5
460916,1
196127,4
829552,4
671961,4
387405,2
1433582,5
418619,5
405201,5
686452,3
1437578,5
651768,3
267244,3
1377562,3
857946,2
1529181,4
789970,3
1424963,5
1404494,4
149635,5
258770,5
755508,3
908316,5
1094399,4
1017450,5
633637,4
835237,3
506068,5
260063,3
1215453,3
155144,5
385461,5
300795,2
348261,4
289607,5
709574,5
801826,5
17145,5
1460473,3
1198526,5
1236099,5
1198550,5
495706,3
1519548,5
1195599,4
339771,4
253337,5
1259058,1
1230601,3
588470,4
1530104,4
624531,5
936309,4
1668450,5
711487,5
1366037,4
1299123,4
1408620,4
627236,5
533860,4
543611,5
511629,5
1605107,5
1372234,5
14855,5
978586,5
525054,4
1582330,4
473733,4
1330055,3
1325770,3
577762,5
1570562,5
1085860,3
347162,5
187119,4
1526020,5
313123,4
322606,4
147607,4
1201921,2
1210416,4
369787,5
209683,5
318869,4
1273684,5
131049,4
569352,3
1026881,5
1597955,3
210243,4
477995,4
172782,5
308624,3
1182137,5
1616218,4
1375627,5
1573344,5
977428,5
198402,5
353711,5
1040931,5
1665203,5
932020,4
6771,3
727433,5
342579,3
1036538,4
1062851,5
1684669,5
762223,4
1058310,4
29613,4
890480,5
740502,5
266952,5
928690,2
916714,4
217396,2
1618554,5
942669,4
81739,5
813150,3
1174124,3
1308521,4
332768,3
910519,2
577060,2
1605567,4
194481,5
570762,1
187044,4
968569,5
398228,5
1112254,4
697115,5
793604,5
995265,3
290635,5
1091208,1
1190421,5
1677878,5
1599060,1
638983,5
131554,5
98677,5
647282,5
449705,4
721158,5
940375,3
1023071,3
618199,5
1666115,1
579414,5
832793,5
126544,5
1631331,3
1640160,5
113271,4
499439,4
1312241,5
1124505,5
1355794,5
1202607,5
632959,4
371546,4
453116,4
482649,5
254239,5
1422658,3
1185641,5
225496,4
1364643,5
1484343,4
1166939,5
820261,3
149383,5
1682115,5
1126201,4
1033036,5
470658,1
1540724,5
1267380,5
81022,5
1336988,5
1312427,1
1573827,5
450601,5
838986,5
552578,4
1032382,4
1213296,3
879580,4
1584006,1
611967,4
1342151,1
171695,5
675238,5
1282120,5
981610,5
1190950,2
919570,4
409297,5
314169,5
659021,3
345741,3
792307,5
485601,5
663315,2
30666,5
28512,5
1365037,5
715633,4
730090,5
395906,5
197511,5
1253646,3
4540,5
617695,3
1339382,1
1004086,4
1018582,5
1380111,5
1319059,5
1072556,4
600794,4
633506,5
264252,5
958923,4
1145390,4
528867,4
82511,5
149210,5
922623,5
284319,4
1171612,5
1240806,3
1552773,4
1632914,3
1216034,5
1209936,5
1402736,4
1382411,4
611523,4
271464,5
675383,5
615876,5
515964,5
1482207,3
1305626,3
351335,5
1375689,5
964380,5
1131667,5
750945,3
367953,4
774428,5
296527,4
625493,5
1117656,4
1006142,5
600956,3
221958,4
149137,5
1465472,4
385177,4
108422,5
529827,4
1510910,1
1622772,3
682400,5
729323,4
1145663,5
1293246,4
1506142,4
300952,5
207198,4
623343,2
1295263,5
1058494,5
201178,4
1108241,1
1495955,3
1353161,5
1354913,5
902103,4
1032474,5
888228,5
239348,5
315376,5
632166,5
956623,5
72966,5
10634,4
572350,5
1101909,4
846172,5
878523,5
632636,2
538722,3
1084688,4
838565,5
1037845,5
1396471,4
6608,5
360723,5
1239148,2
1109697,5
342331,4
1017103,5
213243,5
1623501,4
713084,5
1637141,2
837985,5
188133,5
577073,5
766590,5
1492038,5
1094762,3
26519,4
209347,2
1568816,3
1295479,5
164874,4
1517965,3
1217677,3
1669180,5
98760,5
911793,4
108100,5
196028,3
8279,5
1360381,5
1251374,5
404889,5
543700,5
1221949,5
1591695,5
809643,4
1365459,5
481171,3
595807,5
1040129,4
702830,5
189524,5
760462,5
142393,5
212742,3
760963,4
949348,2
1395434,3
1129054,3
1122526,4
963544,5
457564,4
953954,5
193421,5
1575818,3
500971,4
265901,3
1066572,5
1516018,2
1556238,5
350816,5
1363861,5
1589277,4
937221,5
543263,5
488271,5
385128,4
432606,4
1459514,5
1647018,4
1644021,4
127075,5
636650,3
1558116,5
550434,5
828484,4
1315964,5
86837,5
1061418,4
850222,5
1660328,5
903362,5
29077,4
1049169,5
1061586,5
1609607,4
119073,3
611056,5
1442596,2
640331,1
1207012,4
295588,5
1276262,3
138929,1
1150761,5
294163,4
1269203,1
1026652,5
432553,5
634514,5
1619917,4
1567918,3
1511317,3
818882,3
1441909,5
855595,5
299631,3
1147598,5
1093681,3
472825,3
739890,5
1238960,5
123899,5
193353,5
251557,5
978272,5
825215,4
938789,3
1596906,5
576797,5
1080842,1
919282,5
893690,5
1464037,2
495822,5
105386,4
550462,5
595820,1
509198,5
1041929,5
1424300,4
1174058,5
395058,5
1682617,2
724239,5
1176770,5
1541627,5
856029,5
962233,5
954917,5
1195878,4
887002,4
18771,5
1101537,5
1112825,4
1469376,4
1154394,3
1303772,5
1095284,4
835372,5
322308,5
1296796,5
492160,5
699270,4
691337,5
1272142,5
920898,5
192246,4
39595,5
1416999,5
951089,5
1387017,2
328200,4
1229386,3
649014,4
1601771,5
1227718,5
59181,3
98398,5
1188552,5
1655080,4
1218123,4
996493,4
363925,3
122036,2
116567,3
485117,5
1235406,4
230380,5
949411,5
175069,5
1335127,4
1382881,5
1145371,1
226587,4
1096833,4
149944,5
1483273,2
176742,4
902180,4
295825,5
1472036,4
305278,5
1446673,1
1394077,3
1317916,4
33915,5
1004161,3
1148243,3
536868,2
1124853,3
114344,5
1176168,5
1385918,3
1082576,5
1427250,3
714056,5
1144761,5
1346876,5
583286,4
569972,5
1474087,3
1414069,3
76112,3
1530637,5
1359722,5
626509,4
1083877,5
1585331,5
1454060,3
923840,5
247315,5
715678,5
1442863,5
1054623,5
117491,5
104789,5
657094,2
201432,1
86013,1
1611892,2
1386493,1
1450821,5
1158728,3
1554650,5
1686039,5
1177465,1
1672799,5
936957,5
672478,5
83848,5
445760,5
1625926,5
993675,3
356012,5
1458842,2
859677,3
1269047,4
397459,5
549482,2
1086173,4
151693,1
642661,5
292964,5
1246531,1
53308,1
1202643,1
957177,5
1143515,5
1146078,4
944447,1
556930,2
1081527,5
405167,5
959894,5
383456,4
1448272,4
730606,5
170213,5
1128263,5
215215,5
743755,5
1511975,5
649009,4
1244258,3
663702,5
553398,5
1258623,4
351213,4
1327000,4
404978,5
1488719,4
724893,5
834561,2
883080,4
81485,5
1381131,5
1259418,5
1339378,2
660985,4
1185078,3
1591171,4
208314,4
427522,4
798036,3
115557,5
767239,5
939276,5
266953,5
1388366,5
964457,5
781432,5
612332,5
710849,5
972560,5
612717,4
530279,3
710621,5
1301026,5
1226274,4
815557,1
1498513,4
1547465,5
810216,5
513069,4
747916,4
1188557,5
760486,5
188724,5
1228165,5
1646069,5
569242,1
76812,5
451624,5
1516239,3
1475490,3
660432,4
1360327,5
855348,5
505502,3
385235,4
71884,4
563793,5
462758,4
1051523,5
678986,4
772159,5
703968,4
1479875,1
1206689,3
371305,4
1697324,4
1079123,3
531610,2
1044128,1
1504832,3
226164,4
1652147,5
1268493,5
1381326,1
1468724,5
186847,4
572567,3
997792,5
122019,5
1499913,3
1121956,4
277855,4
297776,3
1761,3
733575,4
873422,5
1054545,5
1514531,5
1621869,5
1213965,4
833260,1
857907,5
1128351,5
679235,5
402378,5
590010,4
1533443,3
227546,5
1310549,5
1632040,2
277989,5
1366455,5
92052,4
290665,5
895699,3
374189,5
1326356,5
1617957,1
926909,3
1675321,5
729504,4
1143408,4
1579987,5
1500425,5
240872,5
877158,5
1101351,5
380038,5
990796,4
1082627,1
74652,1
973040,4
1499118,5
1106472,5
108874,5
1358188,5
1377145,5
1675028,5
740140,5
309944,3
1344059,5
458220,5
603183,2
559462,5
692391,4
1069162,3
96175,4
945290,3
1012127,5
351137,5
446941,2
1258949,5
364442,5
804435,4
1363604,1
1670351,2
86804,5
1502652,5
1139135,3
715438,5
1112842,4
161105,4
1644136,5
226423,5
1521415,3
456121,5
482439,3
519195,4
1516415,3
463342,5
627775,5
391182,5
1586033,2
127184,5
806480,4
866745,5
110368,4
4001,5
955514,5
1593141,5
1294828,5
926424,4
1118132,5
993096,5
1221099,5
111527,5
1033018,5
1401749,1
1687625,1
495881,1
1519917,5
1431971,4
704695,4
57585,5
211511,4
643001,4
1687181,3
10735,5
1332985,5
1380267,4
532882,2
1408871,5
128235,1
1410788,4
403020,4
172259,4
1606853,1
217167,4
672759,5
118430,4
1369246,4
790227,2
1161119,3
774466,5
705098,5
1402423,2
183195,3
644498,5
377467,5
284437,4
80045,5
944398,4
178982,5
402488,4
616114,5
1359647,5
1645942,5
1088833,5
316832,5
121619,4
869974,5
177838,4
299666,5
